wave,Fe_37,Fe_38,Fe_36,Fe_35,Fe_43,Fe_42,Fe_41,Fe_49,Fe_48,Fe_IZw1,Fe_27,Fe_28
4000,0,0,0,0,0,0,0,0,0,0,0,0
4001,0,0,0,0,0,0,0,0,0,0,0,0
4002,0,0,0,0,0,0,0,0,0,0,0,0
4003,0,0,0,0,0,0,0,0,0,0,0,0
4004,0,0,0,0,0,0,0,0,0,0,0,0
4005,0,0,0,0,0,0,0,0,0,0,0,0
4006,0,0,0,0,0,0,0,0,0,0,0,0
4007,0,0,0,0,0,0,0,0,0,0,0,0
4008,0,0,0,0,0,0,0,0,0,0,0,0
4009,0,0,0,0,0,0,0,0,0,0,0,0
4010,0,0,0,0,0,0,0,0,0,0,0,0
4011,0,0,0,0,0,0,0,0,0,0,0,0
4012,0,0,0,0,0,0,0,0,0,0,0,0
4013,0,0,0,0,0,0,0,0,0,0,0,0
4014,0,0,0,0,0,0,0,0,0,0,0,0
4015,0,0,0,0,0,0,0,0,0,0,0,0
4016,0,0,0,0,0,0,0,0,0,0,0,0
4017,0,0,0,0,0,0,0,0,0,0,0,0
4018,0,0,0,0,0,0,0,0,0,0,0,0
4019,0,0,0,0,0,0,0,0,0,0,0,0
4020,0,0,0,0,0,0,0,0,0,0,0,0
4021,0,0,0,0,0,0,0,0,0,0,0,0
4022,0,0,0,0,0,0,0,0,0,0,0,0
4023,0,0,0,0,0,0,0,0,0,0,0,0
4024,0,0,0,0,0,0,0,0,0,0,0,0
4025,0,0,0,0,0,0,0,0,0,0,0,0
4026,0,0,0,0,0,0,0,0,0,0,0,0
4027,0,0,0,0,0,0,0,0,0,0,0,0
4028,0,0,0,0,0,0,0,0,0,0,0,0
4029,0,0,0,0,0,0,0,0,0,0,0,0
4030,0,0,0,0,0,0,0,0,0,0,0,0
4031,0,0,0,0,0,0,0,0,0,0,0,0
4032,0,0,0,0,0,0,0,0,0,0,0,0
4033,0,0,0,0,0,0,0,0,0,0,0,0
4034,0,0,0,0,0,0,0,0,0,0,0,0
4035,0,0,0,0,0,0,0,0,0,0,0,0
4036,0,0,0,0,0,0,0,0,0,0,0,0
4037,0,0,0,0,0,0,0,0,0,0,0,0
4038,0,0,0,0,0,0,0,0,0,0,0,0
4039,0,0,0,0,0,0,0,0,0,0,0,0
4040,0,0,0,0,0,0,0,0,0,0,0,0
4041,0,0,0,0,0,0,0,0,0,0,0,0
4042,0,0,0,0,0,0,0,0,0,0,0,0
4043,0,0,0,0,0,0,0,0,0,0,0,0
4044,0,0,0,0,0,0,0,0,0,0,0,0
4045,0,0,0,0,0,0,0,0,0,0,0,0
4046,0,0,0,0,0,0,0,0,0,0,0,0
4047,0,0,0,0,0,0,0,0,0,0,0,0
4048,0,0,0,0,0,0,0,0,0,0,0,0
4049,0,0,0,0,0,0,0,0,0,0,0,0
4050,0,0,0,0,0,0,0,0,0,0,0,0
4051,0,0,0,0,0,0,0,0,0,0,0,0
4052,0,0,0,0,0,0,0,0,0,0,0,0
4053,0,0,0,0,0,0,0,0,0,0,0,0
4054,0,0,0,0,0,0,0,0,0,0,0,0
4055,0,0,0,0,0,0,0,0,0,0,0,0
4056,0,0,0,0,0,0,0,0,0,0,0,0
4057,0,0,0,0,0,0,0,0,0,0,0,0
4058,0,0,0,0,0,0,0,0,0,0,0,0
4059,0,0,0,0,0,0,0,0,0,0,0,0
4060,0,0,0,0,0,0,0,0,0,0,0,0
4061,0,0,0,0,0,0,0,0,0,0,0,0
4062,0,0,0,0,0,0,0,0,0,0,0,0
4063,0,0,0,0,0,0,0,0,0,0,0,0
4064,0,0,0,0,0,0,0,0,0,0,0,0
4065,0,0,0,0,0,0,0,0,0,0,0,0
4066,0,0,0,0,0,0,0,0,0,0,0,0
4067,0,0,0,0,0,0,0,0,0,0,1.66E-07,0
4068,0,0,0,0,0,0,0,0,0,0,3.63E-07,0
4069,0,0,0,0,0,0,0,0,0,0,7.60E-07,0
4070,0,0,0,0,0,0,0,0,0,0,1.53E-06,0
4071,0,0,0,0,0,0,0,0,0,0,2.96E-06,0
4072,0,0,0,0,0,0,0,0,0,0,5.50E-06,0
4073,0,0,0,0,0,0,0,0,0,0,9.83E-06,0
4074,0,0,0,0,0,0,0,0,0,0,1.69E-05,0
4075,0,0,0,0,0,0,0,0,0,0,2.78E-05,0
4076,0,0,0,0,0,0,0,0,0,0,4.40E-05,0
4077,0,0,0,0,0,0,0,0,0,0,6.70E-05,0
4078,0,0,0,0,0,0,0,0,0,0,9.80E-05,0
4079,0,0,0,0,0,0,0,0,0,0,0.00013773,0
4080,0,0,0,0,0,0,0,0,0,0,0.000185917,0
4081,0,0,0,0,0,0,0,0,0,0,0.000241121,0
4082,0,0,0,0,0,0,0,0,0,0,0.000300455,0
4083,0,0,0,0,0,0,0,0,0,0,0.00035971,0
4084,0,0,0,0,0,0,0,0,0,0,0.000413765,0
4085,0,0,0,0,0,0,0,0,0,0,0.000457281,0
4086,0,0,0,0,0,0,0,0,0,0,0.000485558,0
4087,0,0,0,0,0,0,0,0,0,0,0.000495367,0
4088,0,0,0,0,0,0,0,0,0,0,0.000485558,0
4089,0,0,0,0,0,0,0,0,0,0,0.000457281,0
4090,0,0,0,0,0,0,0,0,0,0,0.000413765,0
4091,0,0,0,0,0,0,0,0,0,0,0.00035971,0
4092,0,0,0,0,0,0,0,0,0,0,0.000300455,0
4093,0,0,0,0,0,0,0,0,0,0,0.000241121,0
4094,0,0,0,0,0,0,0,0,0,0,0.000185917,0
4095,0,0,0,0,0,0,0,0,0,0,0.00013773,0
4096,0,0,0,0,0,0,0,0,0,0,9.80E-05,0
4097,0,0,0,0,0,0,0,0,0,0,6.70E-05,0
4098,0,0,0,0,0,0,0,0,0,0,4.40E-05,0
4099,0,0,0,0,0,0,0,0,0,0,2.78E-05,0
4100,0,0,0,0,0,0,0,0,0,0,1.69E-05,0
4101,0,0,0,0,0,0,0,0,0,0,9.83E-06,0
4102,0,0,0,0,0,0,0,0,0,0,5.50E-06,0
4103,0,0,0,0,0,0,0,0,0,0,5.73E-06,0
4104,0,0,0,0,0,0,0,0,0,0,7.57E-06,0
4105,0,0,0,0,0,0,0,0,0,0,1.34E-05,0
4106,0,0,0,0,0,0,0,0,0,0,2.59E-05,0
4107,0,0,0,0,0,0,0,0,0,0,4.95E-05,0
4108,0,0,0,0,0,0,0,0,0,0,9.18E-05,0
4109,0,0,0,0,0,0,0,0,0,0,0.000163872,1.46E-06
4110,0,0,0,0,0,0,0,0,0,0,0.000281205,3.17E-06
4111,0,0,0,0,0,0,0,0,0,0,0.000463629,6.65E-06
4112,0,0,0,0,0,0,0,0,0,0,0.000734422,1.34E-05
4113,0,0,0,0,0,0,0,0,0,0,0.001117763,2.59E-05
4114,0,0,0,0,0,0,0,0,0,0,0.001634487,4.82E-05
4115,0,0,0,0,0,0,0,0,0,0,0.002296369,8.61E-05
4116,0,0,0,0,0,0,0,0,0,0,0.003099774,0.000147692
4117,0,0,0,0,0,0,0,0,0,0,0.00402019,0.000243502
4118,0,0,0,0,0,0,0,0,0,0,0.005009465,0.000385726
4119,0,0,0,0,0,0,0,0,0,0,0.005997419,0.00058706
4120,0,0,0,0,0,0,0,0,0,0,0.006898674,0.000858449
4121,0,0,0,0,0,0,0,0,0,0,0.007624214,0.001206075
4122,0,0,0,0,0,0,0,0,0,0,0.008095669,0.001628031
4123,0,0,0,0,0,0,0,0,0,0,0.008259212,0.002111443
4124,0,0,0,0,0,0,0,0,0,0,0.008095669,0.00263102
4125,0,0,0,0,0,0,0,0,0,0,0.007624214,0.003149903
4126,0,0,0,0,0,0,0,0,0,0,0.006898674,0.00362325
4127,0,0,0,0,0,0,0,0,0,0,0.005997419,0.004004311
4128,0,0,0,0,0,0,0,0,0,0,0.005009465,0.004251924
4129,0,0,0,0,0,0,0,0,0,0,0.00402019,0.004337818
4130,0,0,0,0,0,0,0,0,0,0,0.003099774,0.004251924
4131,0,0,0,0,0,0,0,0,0,0,0.002296369,0.004004311
4132,0,0,0,0,0,0,0,0,0,0,0.001634487,0.00362325
4133,0,0,0,0,0,0,0,0,0,0,0.001117763,0.003149903
4134,0,0,0,0,0,0,0,0,0,0,0.000734422,0.00263102
4135,0,0,0,0,0,0,0,0,0,0,0.000463629,0.002111443
4136,0,0,0,0,0,0,0,0,0,0,0.000281205,0.001628031
4137,0,0,0,0,0,0,0,0,0,0,0.000163872,0.001206075
4138,0,0,0,0,0,0,0,0,0,0,9.18E-05,0.000858449
4139,0,0,0,0,0,0,0,0,0,0,4.94E-05,0.00058706
4140,0,0,0,0,0,0,0,0,0,0,2.55E-05,0.000385726
4141,0,0,0,0,0,0,0,0,0,0,1.27E-05,0.000243502
4142,0,0,0,0,0,0,0,0,0,0,6.04E-06,0.000147692
4143,0,0,0,0,0,0,0,0,0,0,2.77E-06,8.61E-05
4144,0,0,0,0,0,0,0,0,0,0,0,4.82E-05
4145,0,0,0,0,0,0,0,0,0,0,0,2.59E-05
4146,0,0,0,0,0,0,0,0,0,0,0,1.34E-05
4147,0,0,0,0,0,0,0,0,0,0,0,6.65E-06
4148,0,0,0,0,0,0,0,0,0,0,0,3.17E-06
4149,0,0,0,0,0,0,0,0,0,0,0,1.46E-06
4150,0,0,0,0,0,0,0,0,0,0,0,0
4151,0,0,0,0,0,0,0,0,0,0,0,0
4152,0,0,0,0,0,0,0,0,0,0,0,0
4153,0,0,0,0,0,0,0,0,0,0,0,3.87E-05
4154,0,0,0,0,0,0,0,0,0,0,0,8.43E-05
4155,0,0,0,0,0,0,0,0,0,0,0,0.000176756
4156,0,0,0,0,0,0,0,0,0,0,0,0.000355942
4157,0,0,0,0,0,0,0,0,0,0,0,0.000688674
4158,0,0,0,0,0,0,0,0,0,0,0,0.001280195
4159,0,0,0,0,0,0,0,0,0,0,2.01E-05,0.002286477
4160,0,0,0,0,0,0,0,0,0,0,4.38E-05,0.003923611
4161,0,0,0,0,0,0,0,0,0,0,9.18E-05,0.00646894
4162,0,0,0,0,0,0,0,0,0,0,0.000184777,0.01024728
4163,0,0,0,0,0,0,0,0,0,0,0.000357505,0.015595966
4164,0,0,0,0,0,0,0,0,0,0,0.000664576,0.022805741
4165,0,0,0,0,0,0,0,0,0,0,0.001186957,0.032040871
4166,0,0,0,0,0,0,0,0,0,0,0.002036827,0.043250652
4167,0,0,0,0,0,0,0,0,0,0,0.00335816,0.056093072
4168,0,0,0,0,0,0,0,0,0,0,0.005319574,0.069896272
4169,0,0,0,0,0,0,0,0,0,0,0.008096187,0.083681031
4170,0,0,0,0,0,0,0,0,0,0,0.01183893,0.096256097
4171,0,0,0,0,0,0,0,0,0,0,0.016633076,0.106379439
4172,0,0,0,0,0,0,0,0,0,0,0.022452304,0.112957576
4173,0,0,0,0,0,0,0,0,0,0,0.029119069,0.115239471
4174,0,0,0,0,0,0,0,0,0,0,0.036284594,0.112957576
4175,0,0,0,0,0,0,0,0,0,0,0.043440547,0.106379439
4176,0,0,0,0,0,0,0,0,0,0,0.049968523,0.096256097
4177,0,0,0,0,0,0,0,0,0,0,0.055223758,0.083681031
4178,0,0,0,0,0,0,0,0,0,0,0.058638604,0.069896272
4179,0,0,0,0,0,0,0,0,0,0,0.059823183,0.056093072
4180,0,0,0,0,0,0,0,0,0,0,0.058638604,0.043250652
4181,0,0,0,0,0,0,0,0,0,0,0.055223758,0.032040871
4182,0,0,0,0,0,0,0,0,0,0,0.049968523,0.022805741
4183,0,0,0,0,0,0,0,0,0,0,0.043440547,0.015595966
4184,0,0,0,0,0,0,0,0,0,0,0.036284594,0.01024728
4185,0,0,0,0,0,0,0,0,0,0,0.029119069,0.00646894
4186,0,0,0,0,0,0,0,0,0,0,0.022452304,0.003923611
4187,0,0,0,0,0,0,0,0,0,0,0.016633076,0.002286477
4188,0,0,0,0,0,0,0,0,0,0,0.01183893,0.001280195
4189,0,0,0,0,0,0,0,0,0,0,0.008096187,0.000688674
4190,0,0,0,0,0,0,0,0,0,0,0.005319574,0.000355942
4191,0,0,0,0,0,0,0,0,0,0,0.00335816,0.000176756
4192,0,0,0,0,0,0,0,0,0,0,0.002036827,8.43E-05
4193,0,0,0,0,0,0,0,0,0,0,0.001186957,3.87E-05
4194,0,0,0,0,0,0,0,0,0,0,0.000664576,0
4195,0,0,0,0,0,0,0,0,0,0,0.000357505,0
4196,0,0,0,0,0,0,0,0,0,0,0.000184777,0
4197,0,0,0,0,0,0,0,0,0,0,9.18E-05,0
4198,0,0,0,0,0,0,0,0,0,0,4.38E-05,0
4199,0,0,0,0,0,0,0,0,0,0,2.01E-05,0
4200,0,0,0,0,0,0,0,0,0,0,0,0
4201,0,0,0,0,0,0,0,0,0,0,0,0
4202,0,0,0,0,0,0,0,0,0,0,0,0
4203,0,0,0,0,0,0,0,0,0,0,0,0
4204,0,0,0,0,0,0,0,0,0,0,0,0
4205,0,0,0,0,0,0,0,0,0,0,0,0
4206,0,0,0,0,0,0,0,0,0,0,0,0
4207,0,0,0,0,0,0,0,0,0,0,0,0
4208,0,0,0,0,0,0,0,0,0,0,0,0
4209,0,0,0,0,0,0,0,0,0,0,0,0
4210,0,0,0,0,0,0,0,0,0,0,0,0
4211,0,0,0,0,0,0,0,0,0,0,0,0
4212,0,0,0,0,0,0,0,0,0,0,0,0
4213,0,0,0,0,0,0,0,0,0,0,0,8.69E-05
4214,0,0,0,0,0,0,0,0,0,0,0,0.000189584
4215,0,0,0,0,0,0,0,0,0,0,0,0.000397355
4216,0,0,0,0,0,0,0,0,0,0,0,0.000800175
4217,0,0,0,0,0,0,0,0,0,0,0,0.001548173
4218,0,0,0,0,0,0,0,0,0,0,0,0.002877942
4219,0,0,0,0,0,0,0,0,0,0,0,0.005140114
4220,0,0,0,0,0,0,0,0,0,0,0,0.008820471
4221,0,0,0,0,0,0,0,0,0,0,0,0.014542499
4222,0,0,0,0,0,0,0,0,0,0,0,0.023036394
4223,0,0,0,0,0,0,0,0,0,0,0,0.035060506
4224,0,0,0,0,0,0,0,0,0,0,0,0.051268438
4225,0,0,0,0,0,0,0,0,0,0,0,0.072029468
4226,0,0,0,0,0,0,0,0,0,0,0,0.097229612
4227,0,0,0,0,0,0,0,0,0,0,0,0.126100009
4228,0,0,0,0,0,0,0,0,0,0,0,0.157130287
4229,0,0,0,0,0,0,0,0,0,0,0,0.188119108
4230,0,0,0,0,0,0,0,0,0,0,0,0.216388481
4231,0,0,0,0,0,0,0,0,0,0,0,0.239146257
4232,0,0,0,0,0,0,0,0,0,0,0,0.253934235
4233,0,0,0,0,0,0,0,0,0,0,0,0.259064047
4234,0,0,0,0,0,0,0,0,0,0,0,0.253934235
4235,0,0,0,0,0,0,0,0,0,0,0,0.239146257
4236,0,0,0,0,0,0,0,0,0,0,0,0.216388481
4237,0,0,0,0,0,0,0,0,0,0,0,0.188119108
4238,0,0,0,0,0,0,0,0,0,0,1.61E-06,0.157130287
4239,0,0,0,0,0,0,0,0,0,0,3.52E-06,0.126100009
4240,0,0,0,0,0,0,0,0,0,0,7.37E-06,0.097229612
4241,0,0,0,0,0,0,0,0,0,0,1.48E-05,0.072029468
4242,0,0,0,0,0,0,0,0,0,0,2.87E-05,0.051268438
4243,0,0,0,0,0,0,0,0,0,0,5.34E-05,0.035060506
4244,0,0,0,0,0,0,0,0,0,0,9.53E-05,0.023036394
4245,0,0,0,0,0,0,0,0,0,0,0.000163551,0.014542499
4246,0,0,0,0,0,0,0,0,0,0,0.000269649,0.008820471
4247,0,0,0,0,0,0,0,0,0,0,0.000427144,0.005140114
4248,0,0,0,0,0,0,0,0,0,0,0.000650097,0.002877942
4249,0,0,0,0,0,0,0,0,0,0,0.000950627,0.001548173
4250,0,0,0,0,0,0,0,0,0,0,0.001335581,0.000800175
4251,0,0,0,0,0,0,0,0,0,0,0.001802846,0.000397355
4252,0,0,0,0,0,0,0,0,0,0,0.002338166,0.000189584
4253,0,0,0,0,0,0,0,0,0,0,0.002913534,8.93E-05
4254,0,0,0,0,0,0,0,0,0,0,0.003488133,5.33E-06
4255,0,0,0,0,0,0,0,0,0,0,0.004012308,1.12E-05
4256,0,0,0,0,0,0,0,0,0,0,0.004434287,2.25E-05
4257,0,0,0,0,0,0,0,0,0,0,0.004708488,4.35E-05
4258,0,0,0,0,0,0,0,0,0,0,0.004803605,8.09E-05
4259,0,0,0,0,0,0,0,0,0,0,0.004708488,0.000144463
4260,0,0,0,0,0,0,0,0,0,0,0.004434287,0.0002479
4261,0,0,0,0,0,0,0,0,0,0,0.004012308,0.000408717
4262,0,0,0,0,0,0,0,0,0,0,0.003488133,0.000647439
4263,0,0,0,0,0,0,0,0,0,0,0.002913534,0.000985377
4264,0,0,0,0,0,0,0,0,0,0,0.002338166,0.001440901
4265,0,0,0,0,0,0,0,0,0,0,0.001802846,0.00202439
4266,0,0,0,0,0,0,0,0,0,0,0.001335581,0.002732641
4267,0,0,0,0,0,0,0,0,0,0,0.000950627,0.003544045
4268,0,0,0,0,0,0,0,0,0,0,0.000650097,0.004416152
4269,0,0,0,0,0,0,0,0,0,0,0.000427144,0.005287093
4270,0,0,0,0,0,0,0,0,0,0,0.000269649,0.006081605
4271,0,0,0,0,0,0,0,0,0,0,0.000163551,0.006721213
4272,0,0,0,0,0,0,0,0,0,0,9.53E-05,0.00713683
4273,0,0,0,0,0,0,0,0,0,0,5.34E-05,0.007281003
4274,0,0,0,0,0,0,0,0,0,0,2.87E-05,0.00713683
4275,0,0,0,0,0,0,0,0,0,0,1.48E-05,0.006721213
4276,0,0,0,0,0,0,0,0,0,0,7.37E-06,0.006081605
4277,0,0,0,0,0,0,0,0,0,0,9.25E-06,0.005287093
4278,0,0,0,0,0,0,0,0,0,0,1.41E-05,0.004416152
4279,0,0,0,0,0,0,0,0,0,0,2.62E-05,0.003544045
4280,0,0,0,0,0,0,0,0,0,0,5.28E-05,0.002732641
4281,0,0,0,0,0,0,0,0,0,0,0.000102216,0.00202439
4282,0,0,0,0,0,0,0,0,0,0,0.000190012,0.001440901
4283,0,0,0,0,0,0,0,0,0,0,0.00033937,0.000997372
4284,0,0,0,0,0,0,0,0,0,0,0.000582361,0.000673606
4285,0,0,0,0,0,0,0,0,0,0,0.00096015,0.000463562
4286,0,0,0,0,0,0,0,0,0,0,0.001520949,0.000358342
4287,0,0,0,0,0,0,0,0,0,0,0.002314826,0.000358147
4288,0,0,0,0,0,0,0,0,0,0,0.003384934,0.000478107
4289,0,0,0,0,0,0,0,0,0,0,0.004755655,0.000752967
4290,0,0,0,0,0,0,0,0,0,0,0.006419463,0.001239919
4291,0,0,0,0,0,0,0,0,0,0,0.008325595,0.00201837
4292,0,0,0,0,0,0,0,0,0,0,0.01037433,0.003184885
4293,0,0,0,0,0,0,0,0,0,0,0.012420328,0.004841606
4294,0,0,0,0,0,0,0,0,0,0,0.014286778,0.007076234
4295,0,0,0,0,0,0,0,0,0,0,0.015789331,0.009941738
4296,0,0,0,0,0,0,0,0,0,0,0.016765689,0.013419943
4297,0,0,0,0,0,0,0,0,0,0,0.017104378,0.017404728
4298,0,0,0,0,0,0,0,0,0,0,0.016765689,0.021687626
4299,0,0,0,0,0,0,0,0,0,0,0.015789331,0.025964803
4300,0,0,0,0,0,0,0,0,0,0,0.014286778,0.029866632
4301,0,0,0,0,0,0,0,0,0,0,0.012420328,0.033007734
4302,0,0,0,0,0,0,0,0,0,0,0.01037433,0.035048818
4303,0,0,0,0,0,0,0,0,0,0,0.008325595,0.035756851
4304,0,0,0,0,0,0,0,0,0,0,0.006419463,0.035048818
4305,0,0,0,0,0,0,0,0,0,0,0.004755655,0.033007734
4306,0,0,0,0,0,0,0,0,0,0,0.003384934,0.029866632
4307,0,0,0,0,0,0,0,0,0,0,0.002314826,0.025964803
4308,0,0,0,0,0,0,0,0,0,0,0.001520949,0.021687626
4309,0,0,0,0,0,0,0,0,0,0,0.00096015,0.017404728
4310,0,0,0,0,0,0,0,0,0,0,0.000582361,0.013419943
4311,0,0,0,0,0,0,0,0,0,0,0.00033937,0.009941738
4312,0,0,0,0,0,0,0,0,0,0,0.000190012,0.007076234
4313,0,0,0,0,0,0,0,0,0,0,0.000102216,0.004839164
4314,0,0,0,0,0,0,0,0,0,0,5.28E-05,0.003179557
4315,0,0,0,0,0,0,0,0,0,0,2.62E-05,0.002007202
4316,0,0,0,0,0,0,0,0,0,0,1.25E-05,0.00121743
4317,0,0,0,0,0,0,0,0,0,0,5.74E-06,0.000709455
4318,0,0,0,0,0,0,0,0,0,0,0,0.000397223
4319,0,0,0,0,0,0,0,0,0,0,0,0.000213684
4320,0,0,0,0,0,0,0,0,0,0,0,0.000110443
4321,0,0,0,0,0,0,0,0,0,0,0,5.48E-05
4322,0,0,0,0,0,0,0,0,0,0,0,2.62E-05
4323,0,0,0,0,0,0,0,0,0,0,0,1.20E-05
4324,0,0,0,0,0,0,0,0,0,0,0,0
4325,0,0,0,0,0,0,0,0,0,0,0,0
4326,0,0,0,0,0,0,0,0,0,0,0,0
4327,0,0,0,0,0,0,0,0,0,0,0,0
4328,0,0,0,0,0,0,0,0,0,0,0,0
4329,0,0,0,0,0,0,0,0,0,0,0,0
4330,0,0,0,0,0,0,0,0,0,0,0,0
4331,0,0,0,0,0,0,0,0,0,0,0,0
4332,0,0,0,0,0,0,0,0,0,0,0,4.06E-05
4333,0,0,0,0,0,0,0,0,0,0,0,8.86E-05
4334,0,0,0,0,0,0,0,0,0,0,0,0.000185723
4335,0,0,0,0,0,0,0,0,0,0,0,0.000373999
4336,0,0,0,0,0,0,0,0,0,0,0,0.000723611
4337,0,0,0,0,0,0,0,0,0,0,0,0.001345141
4338,0,0,0,0,0,0,0,0,0,0,0,0.002402473
4339,0,0,0,0,0,0,0,0,0,0,0,0.00412266
4340,0,0,0,0,0,0,0,0,0,0,0,0.006797118
4341,0,0,0,0,0,0,0,0,0,0,0,0.010767138
4342,0,0,0,0,0,0,0,0,0,0,0,0.01638717
4343,0,0,0,0,0,0,0,0,0,0,0,0.023962706
4344,0,0,0,0,0,0,0,0,0,0,0,0.033666346
4345,0,0,0,0,0,0,0,0,0,0,0,0.045444813
4346,0,0,0,0,0,0,0,0,0,0,0,0.058938746
4347,0,0,0,0,0,0,0,0,0,0,0,0.0734422
4348,0,0,0,0,0,0,0,0,0,0,0,0.087926277
4349,0,0,0,0,0,0,0,0,0,0,1.18E-06,0.101139292
4350,0,0,0,0,0,0,0,0,0,0,2.58E-06,0.111776205
4351,0,0,0,0,0,0,0,0,0,0,5.42E-06,0.118688059
4352,0,0,0,0,0,0,0,0,0,0,1.09E-05,0.121085717
4353,0,0,0,0,0,0,0,0,0,0,2.11E-05,0.118688059
4354,0,0,0,0,0,0,0,0,0,0,3.92E-05,0.111776205
4355,0,0,0,0,0,0,0,0,0,0,7.01E-05,0.101139292
4356,0,0,0,0,0,0,0,0,0,0,0.00012024,0.087926277
4357,0,0,0,0,0,0,0,0,0,0,0.000198241,0.0734422
4358,0,0,0,0,0,0,0,0,0,0,0.000314029,0.058938746
4359,0,0,0,0,0,0,0,0,0,0,0.00047794,0.045444813
4360,0,0,0,0,0,0,0,0,0,0,0.000698885,0.033666346
4361,0,0,0,0,0,0,0,0,0,0,0.000981896,0.023962706
4362,0,0,0,0,0,0,0,0,0,0,0.001325422,0.01638717
4363,0,0,0,0,0,0,0,0,0,0,0.001718979,0.010767138
4364,0,0,0,0,0,0,0,0,0,0,0.00214198,0.006797118
4365,0,0,0,0,0,0,0,0,0,0,0.002564415,0.004134521
4366,0,0,0,0,0,0,0,0,0,0,0.00294978,0.002428347
4367,0,0,0,0,0,0,0,0,0,0,0.003260011,0.001399371
4368,0,0,0,0,0,0,0,0,0,0,0.003461599,0.000832816
4369,0,0,0,0,0,0,0,0,0,0,0.003531528,0.000585289
4370,0,0,0,0,0,0,0,0,0,0,0.003461599,0.000578494
4371,0,0,0,0,0,0,0,0,0,0,0.003260011,0.000790116
4372,0,0,0,0,0,0,0,0,0,0,0.00294978,0.001244408
4373,0,0,0,0,0,0,0,0,0,0,0.002564415,0.001984712
4374,0,0,0,0,0,0,0,0,0,0,0.00214198,0.00314393
4375,0,0,0,0,0,0,0,0,0,0,0.001718979,0.004784941
4376,0,0,0,0,0,0,0,0,0,0,0.001325422,0.006996945
4377,0,0,0,0,0,0,0,0,0,0,0.000981896,0.009830342
4378,0,0,0,0,0,0,0,0,0,0,0.000698885,0.013269573
4379,0,0,0,0,0,0,0,0,0,0,0.00047794,0.017209709
4380,0,0,0,0,0,0,0,0,0,0,0.000314029,0.021444618
4381,0,0,0,0,0,0,0,0,0,0,0.000198241,0.025673868
4382,0,0,0,0,0,0,0,0,0,0,0.00012024,0.029531978
4383,0,0,0,0,0,0,0,0,0,0,7.01E-05,0.032637883
4384,0,0,0,0,0,0,0,0,0,0,3.92E-05,0.034656097
4385,0,0,0,0,0,0,0,0,0,0,2.11E-05,0.035356197
4386,0,0,0,0,0,0,0,0,0,0,1.09E-05,0.034656097
4387,0,0,0,0,0,0,0,0,0,0,5.42E-06,0.032637883
4388,0,0,0,0,0,0,0,0,0,0,2.58E-06,0.029531978
4389,0,0,0,0,0,0,0,0,0,0,1.18E-06,0.025673868
4390,0,0,0,0,0,0,0,0,0,0,0,0.021444618
4391,0,0,0,0,0,0,0,0,0,0,0,0.017209709
4392,0,0,0,0,0,0,0,0,0,0,0,0.013269573
4393,0,0,0,0,0,0,0,0,0,0,0,0.009830342
4394,0,0,0,0,0,0,0,0,0,0,0,0.006996945
4395,0,0,0,0,0,0,0,0,0,0,0,0.004784941
4396,0,0,0,0,0,0,0,0,0,0,0,0.00314393
4397,0,0,0,0,0,0,0,0,0,0,0,0.001996063
4398,0,0,0,0,0,0,0,0,0,0,0,0.001228551
4399,0,0,0,0,0,0,0,0,0,6.08E-05,0,0.000753406
4400,0,0,0,0,0,0,0,0,0,0.000132551,0,0.000497285
4401,0,0,0,0,0,0,0,0,0,0.000277818,0,0.000413501
4402,0,0,0,0,0,0,0,0,0,0.000559457,0,0.000485102
4403,0,0,0,0,0,0,0,0,0,0.001082433,0,0.000725597
4404,0,0,0,0,0,0,0,0,0,0.002012165,0,0.001177944
4405,0,0,0,0,0,0,0,0,0,0.003593804,0,0.001911303
4406,0,0,0,0,0,0,0,0,0,0.006166992,0,0.003008858
4407,0,0,0,0,0,0,0,0,0,0.010167651,0,0.004579366
4408,0,0,0,0,0,0,0,0,0,0.016106311,0,0.006696336
4409,0,0,0,0,0,0,0,0,0,0.024513186,0,0.009408001
4410,0,0,0,0,0,0,0,0,0,0.035845254,0,0.012699473
4411,0,0,0,0,0,0,0,0,0,0.050360703,0,0.016470329
4412,0,0,0,0,0,0,0,0,0,0.067979838,0,0.020523294
4413,0,0,0,0,0,0,0,0,0,0.088165097,0,0.024570844
4414,0,0,0,0,0,0,0,0,0,0.109860476,0,0.028263198
4415,0,0,0,0,0,0,0,0,0,0.13152687,0,0.031235664
4416,0,0,0,0,0,0,0,0,0,0.151291912,0,0.03316717
4417,0,0,0,0,0,0,0,0,0,0.167203421,0,0.033837191
4418,0,0,0,0,0,0,0,0,0,0.177542704,0,0.03316717
4419,0,0,0,0,0,0,0,0,0,0.181129304,0,0.031235664
4420,0,0,0,0,0,0,0,0,0,0.177542704,0,0.028263198
4421,0,0,0,0,0,0,0,0,0,0.167203421,0,0.024570844
4422,0,0,0,0,0,0,0,0,0,0.151291912,0,0.020523294
4423,0,0,0,0,0,0,0,0,0,0.13152687,0,0.016470329
4424,0,0,0,0,0,0,0,0,0,0.109860476,0,0.012699473
4425,0,0,0,0,0,0,0,0,0,0.088165097,0,0.009408001
4426,0,0,0,0,0,0,0,0,0,0.067979838,0,0.006696336
4427,0,0,0,0,0,0,0,0,0,0.050360703,0,0.004579366
4428,0,0,0,0,0,0,0,0,0,0.035845254,0,0.003008858
4429,0,0,0,0,0,0,0,0,0,0.024513186,0,0.001899443
4430,0,0,0,0,0,0,0,0,0,0.016136692,0,0.00115207
4431,0,0,0,0,0,0,0,0,0,0.010233926,0,0.000671367
4432,0,0,0,0,0,0,0,0,0,0.006305901,0,0.000375897
4433,0,0,0,0,0,0,0,0,0,0.003873532,0,0.000202212
4434,0,0,0,0,0,0,0,0,0,0.002553381,0,0.000104513
4435,0,0,0,0,0,0,0,0,0,0.002088515,0,5.19E-05
4436,0,0,0,0,0,0,0,0,0,0.002356359,0,2.48E-05
4437,0,0,0,0,0,0,0,0,0,0.003361314,0,1.14E-05
4438,0,0,0,0,0,0,0,0,0,0.005216376,0,0
4439,0,0,0,0,0,0,0,0,0,0.008113917,0,0
4440,0,0,0,0,0,0,0,0,0,0.012256593,0,0
4441,0,0,0,0,0,0,0,0,0,0.017922627,0,0
4442,0,0,0,0,0,0,0,0,0,0.025180351,0,0
4443,0,0,0,0,0,0,0,0,0,0.033989919,0,0
4444,0,0,0,0,0,0,0,0,0,0.044082549,0,0
4445,0,0,0,0,0,0,0,0,0,0.054930238,0,0
4446,0,0,0,0,0,0,0,0,0,0.065763435,0,0
4447,0,0,0,0,0,0,0,0,0,0.075645956,0,0
4448,0,0,0,0,0,0,0,0,0,0.083601711,0,0
4449,0,0,0,0,0,0,0,0,0,0.088771352,0,0
4450,0,0,0,0,0,0,0,0,0,0.090564652,0,0
4451,0,0,0,0,0,0,0,0,0,0.088795657,0,0
4452,0,0,0,0,0,0,0,0,0,0.083654731,0,0
4453,8.83E-07,0,0,0,0,0,0,0,0,0.075757084,0,0
4454,1.93E-06,0,0,0,0,0,0,0,0,0.065987218,0,0
4455,4.04E-06,0,0,0,0,0,0,0,0,0.055363212,0,0
4456,8.13E-06,0,0,0,0,0,0,0,0,0.044887415,0,0
4457,1.57E-05,0,0,0,0,0,0,0,0,0.035427441,0,0
4458,2.93E-05,0,0,0,0,0,0,0,0,0.027647148,0,0
4459,5.22E-05,0,0,0,0,0,0,0,0,0.021989687,0,0
4460,8.97E-05,0,0,0,0,0,0,0,0,0.018699117,0,0
4461,0.00014781,0,0,0,0,0,0,0,0,0.01785843,0,0
4462,0.000234142,0,0,0,0,0,0,0,0,0.019421927,0,0
4463,0.000356355,0,0,0,0,0,0,0,0,0.023227777,0,0
4464,0.000521092,0,0,0,0,0,0,0,0,0.028988838,0,0
4465,0.000732107,0,0,0,0,0,0,0,0,0.036272122,0,0
4466,0.000988241,0,0,0,0,0,0,0,0,0.044485408,0,0
4467,0.001281679,0,0,0,0,0,0,0,0,0.052890477,0,0
4468,0.001597071,0,0,0,0,0,0,0,0,0.060655675,0,0
4469,0.001914851,0,0,0,0,0,0,0,0,0.066947645,0,0
4470,0.002205502,0,0,0,0,0,0,0,0,0.071047464,0,0
4471,0.00244958,0,0,0,0,0,0,0,0,0.072451723,0,0
4472,0.002620059,0,0,0,0,0,0,0,0,0.071017083,0,0
4473,0.002710852,0,0,0,0,0,0,0,0,0.06688137,0,0
4474,0.002729756,0,0,0,0,0,0,0,0,0.060549172,0,0
4475,0.002704677,0,0,0,0,0,0,0,0,0.052681443,0,0
4476,0.002684952,0,0,0,0,0,0,0,0,0.044092361,0,0
4477,0.002740138,0,0,0,0,0,0,0,0,0.035564417,0,0
4478,0.002956042,0,0,0,0,0,0,0,0,0.027769233,0,0
4479,0.003427809,0,0,0,0,0,0,0,0,0.021217436,0,0
4480,0.004249777,0,0,0,0,0,0,0,0,0.016254797,0,0
4481,0.005502027,0,0,0,0,0,0,0,0,0.013094337,0,0
4482,0.007234185,0,0,0,0,0,0,0,0,0.011865271,0,0
4483,0.009448248,0,0,0,0,0,0,0,0,0.012657093,0,0
4484,0.012083684,0,0,0,0,0,0,0,0,0.015540496,0,0
4485,0.015009138,0,0,0,0,0,0,0,0,0.02055499,0,0
4486,0.018025164,0,0,0,0,0,0,0,0,0.027663908,0,0
4487,0.020880811,0,0,0,0,0,0,0,0,0.036688887,0,0
4488,0.023303834,9.23E-06,0,0,0,0,0,0,0,0.047245169,0,0
4489,0.025040338,2.01E-05,0,0,0,0,0,0,0,0.058703382,0,0
4490,0.025896198,4.22E-05,0,0,0,0,0,0,0,0.070200685,0,0
4491,0.025770936,8.50E-05,0,0,0,0,0,0,0,0.080713326,0,0
4492,0.024675763,0.000164509,0,0,0,0,0,0,0,0.08917516,0,0
4493,0.022731128,0.00030581,0,0,0,0,0,0,0,0.094689444,0,0
4494,0.020143945,0.000546188,0,0,0,0,0,0,0,0.096602297,0,0
4495,0.017181568,0.000937262,0,0,0,0,0,0,0,0.094689444,0,0
4496,0.014101363,0.001545285,0,0,0,0,0,0,0,0.08917516,0,0
4497,0.011147747,0.002447845,0,0,0,0,0,0,0,0.080689021,0,0
4498,0.008508042,0.003725526,0,0,0,0,0,0,0,0.070147665,0,0
4499,0.006306465,0.005447779,0,0,0,0,0,0,0,0.058592255,0,0
4500,0.00461515,0.007653845,0,0,0,0,0,0,0,0.047021386,0,0
4501,0.003451706,0.01033161,0,0,0,0,0,0,0,0.036255914,0,0
4502,0.002822192,0.013399375,0,0,0,0,0,0,0,0.026859042,0,0
4503,0.002727957,0.016718786,0,0,0,0,0,0,0,0.019117469,0,0
4504,0.003181807,0.020037809,0,0,0,0,0,0,0,0.013073699,0,0
4505,0.004212108,0.023094633,0,0,0,0,0,0,0,0.008590033,0,0
4506,0.005856538,0.025615476,0,0,0,0,0,0,0,0.005422747,0,0
4507,0.008146665,0.027377372,0,0,0,0,0,0,0,0.003289062,0,0
4508,0.011086664,0.028261179,0,0,0,0,0,0,0,0.001916695,0,0
4509,0.014631152,0.028292297,0,0,0,0,0,0,0,0.001073155,0,0
4510,0.01866677,0.027658372,0,0,0,0,0,0,0,0.000577298,0,0
4511,0.023011087,0.026697624,0,0,0,0,0,0,0,0.000298377,0,0
4512,0.027407137,0.025857252,0,0,0,0,0,0,0,0.00014817,0,0
4513,0.031565248,0.025627114,0,0,0,0,0,0,0,7.07E-05,0,0
4514,0.035172348,0.026458255,0,0,0,0,0,0,0,3.24E-05,0,0
4515,0.037945337,0.028678652,0,0,0,0,0,0,0,0,0,0
4516,0.039663964,0.032419761,0,0,0,0,0,0,0,0,0,0
4517,0.040196861,0.037567441,0,0,0,0,0,0,0,0,0,0
4518,0.039516391,0.04374909,0,0,0,0,0,0,0,0,0,0
4519,0.037698795,0.05036475,0,0,0,0,0,0,0,0,0,0
4520,0.034911264,0.056662845,0,0,0,0,0,0,0,0,0,0
4521,0.031389122,0.061851587,0,0,0,0,0,0,0,0,0,0
4522,0.027407055,0.065229252,0,0,0,0,0,0,0,0,0,0
4523,0.023248474,0.066297889,0,0,0,0,0,0,0,0,0,0
4524,0.019176702,0.064854744,0,0,0,0,0,0,0,0,0,0
4525,0.015411162,0.061017835,0,0,0,0,0,0,0,0,0,0
4526,0.012110995,0.055195546,0,0,0,0,0,0,0,0,0,0
4527,0.009367516,0.048003531,0,0,0,0,0,0,0,0,0,0
4528,0.007205636,0.040151535,0,0,0,0,0,0,0,0,0,0
4529,0.005593087,0.032323415,0,0,0,0,0,0,0,0,0,0
4530,0.004455188,0.025128615,0,0,0,0,0,0,0,0,0,0
4531,0.003692292,0.018937574,0,0,0,0,0,0,0,0,0,0
4532,0.00319705,0.013991162,0,0,0,0,0,0,0,0,0,0
4533,0.002869106,0.010361218,0,0,0,0,0,0,0,0,0,0
4534,0.002625652,0.008008449,0,0,0,0,0,0,0,0,0,0
4535,0.002407146,0.006836611,0,0,0,0,0,0,0,0,0,0
4536,0.00218722,0.006742775,0,0,0,0,0,0,0,0,0,0
4537,0.001951902,0.007655678,0,0,0,0,0,0,0,0,0,0
4538,0.001709476,0.00955769,0,0,0,0,0,0,0,0,0,0
4539,0.001486371,0.012488117,0,0,0,0,0,0,0,0,0,0
4540,0.001321227,0.016526717,0,0,0,0,0,0,0,0,0,0
4541,0.001261323,0.021757753,0,0,0,0,0,0,0,0,0,0
4542,0.001376346,0.028217721,0,0,0,0,0,0,0,0,0,0
4543,0.001738006,0.035834707,0,0,0,0,0,0,0,0,0,0
4544,0.002438885,0.044363043,0,0,0,0,0,0,0,0,0,0
4545,0.003583078,0.053394656,0,0,0,0,0,0,0,0,0,0
4546,0.005276359,0.062286182,0,0,0,0,0,0,0,0,0,0
4547,0.007608215,0.070277301,0,0,0,0,0,0,0,0,0,0
4548,0.0106266,0.07656989,0,0,0,0,0,0,0,0,0,0
4549,0.014309393,0.080457678,0,0,0,0,0,0,0,0,0,0
4550,0.018539444,0.081455536,0,0,0,0,0,0,0,0,0,0
4551,0.023091834,0.079395976,0,0,0,0,0,0,0,0,0,0
4552,0.02764111,0.07446688,0,0,0,0,0,0,0,0,0,0
4553,0.031792537,0.067179734,0,0,0,0,0,0,0,0,0,0
4554,0.03513513,0.058276566,0,0,0,0,0,0,0,0,0,0
4555,0.03730697,0.048599839,0,0,0,0,0,0,0,0,0,0
4556,0.03806062,0.038961146,0,0,0,0,0,0,0,0,0,0
4557,0.03730697,0.030021116,0,0,0,0,0,0,0,0,0,0
4558,0.035134381,0.022237464,0,0,0,0,0,0,0,0,0,0
4559,0.031790902,0.015842667,0,0,0,0,0,0,0,0,0,0
4560,0.027637683,0.010872655,0,0,0,0,0,0,0,0,0,0
4561,0.023084933,0.007220134,0,0,0,0,0,0,0,0,0,0
4562,0.018526093,0.004696402,0,0,0,0,0,0,0,0,0,0
4563,0.014286447,0.003086174,0,0,0,0,0,0,0,0,0,0
4564,0.01058636,0.002230319,0,0,0,0,0,0,0,0,0,0
4565,0.007540714,0.001934269,0,0,0,0,0,0,0,0,0,0
4566,0.005168197,0.002119237,0,0,0,0,0,0,0,0,0,0
4567,0.00341779,0.002743948,0,0,0,0,0,0,0,0,0,0
4568,0.002198572,0.003816661,0,0,0,0,0,0,0,0,0,0
4569,0.001406688,0.005389838,0,0,0,0,0,0,0,0,0,0
4570,0.000945334,0.007556918,0,0,0,0,0,0,0,0,0,0
4571,0.000736351,0.010439586,0,0,0,0,0,0,0,0,0,0
4572,0.000724115,0.014240228,0,0,0,0,0,0,0,0,0,0
4573,0.000873462,0.019139261,0,0,0,0,0,0,0,0,0,0
4574,0.001163724,0.025351399,0,0,0,0,0,0,0,0,0,0
4575,0.001580807,0.033059532,0,0,0,0,0,0,0,0,0,0
4576,0.002109037,0.042354446,0,0,0,0,0,0,0,0,0,0
4577,0.002718714,0.053161094,0,0,0,0,0,0,0,0,0,0
4578,0.003387726,0.065168402,0,0,0,0,0,0,0,0,0,0
4579,0.004055844,0.077786515,0,0,0,0,0,0,0,0,0,0
4580,0.004665332,0.090155628,0,0,0,0,0,0,0,0,0,0
4581,0.005155989,0.101221451,0,0,0,0,0,0,0,0,0,0
4582,0.005474817,0.109874988,0,0,0,0,0,0,0,0,0,0
4583,0.005585416,0.115133331,0,0,0,0,0,0,0,0,0,0
4584,0.005474817,0.116321321,0,0,0,0,0,0,0,0,0,0
4585,0.005155989,0.113208111,0,0,0,0,0,0,0,0,0,0
4586,0.004665332,0.106061529,0,0,0,0,0,0,0,0,0,0
4587,0.004055844,0.095604531,0,0,0,0,0,0,0,0,0,0
4588,0.003387726,0.082884857,0,0,0,0,0,0,0,0,0,0
4589,0.002718714,0.069091914,0,0,0,0,0,0,0,0,0,0
4590,0.002096269,0.055366361,0,0,0,0,0,0,0,0,0,0
4591,0.001552954,0.042644857,0,0,0,0,0,0,0,0,0,0
4592,0.001105347,0.031567631,0,0,0,0,0,0,0,0,0,0
4593,0.000755904,0.022456262,0,0,0,0,0,0,0,0,0,0
4594,0.000496664,0.015350694,0,0,0,0,0,0,0,0,0,0
4595,0.000313536,0.01008313,0,0,0,0,0,0,0,1.42E-05,0,0
4596,0.000190169,0.006363942,0,0,0,0,0,0,0,3.09E-05,0,0
4597,0.000110821,0.003857718,0,0,0,0,0,0,0,6.48E-05,0,0
4598,6.20E-05,0.002248078,0,0,0,0,0,0,0,0.00013054,0,0
4599,3.34E-05,0.001258695,0,0,0,0,0,0,0,0.000252568,0,0
4600,1.73E-05,0.000677108,0,0,0,0,0,0,0,0.000469505,0,0
4601,8.57E-06,0.000352106,0,0,0,0,0,0,0,0.000838554,0,0
4602,4.09E-06,0.000178458,0,0,0,0,0,0,0,0.001438965,0,0
4603,1.87E-06,9.27E-05,0,0,0,0,0,0,0,0.002372452,0,0
4604,0,5.77E-05,0,0,0,0,0,0,0,0.003758139,0,0
4605,0,3.81E-05,0,0,0,0,0,0,0,0.005719743,0,0
4606,0,7.09E-05,0,0,0,0,0,0,0,0.00837807,0,0
4607,0,0.000126652,0,0,0,0,0,0,0,0.011781759,0,0
4608,0,0.000217336,0,0,0,0,0,0,0,0.015926786,0,0
4609,1.33E-05,0.000358327,0,0,0,0,0,0,0,0.020726701,0,0
4610,2.90E-05,0.000567616,0,0,0,0,0,0,0,0.025939699,0,0
4611,6.08E-05,0.00086389,0,0,0,0,0,0,0,0.031270235,0,0
4612,0.000122487,0.001263253,0,0,0,0,0,0,0,0.036375935,0,0
4613,0.000236988,0.001774805,0,0,0,0,0,0,0,0.040912579,0,0
4614,0.000440543,0.002395736,0,0,0,0,0,0,0,0.044659512,0,0
4615,0.000786827,0.003107102,0,0,0,0,0,0,0,0.047571056,0,0
4616,0.001350201,0.003871687,0,0,0,0,0,0,0,0.049829657,0,0
4617,0.002226106,0.004635251,0,0,0,0,0,0,0,0.051847517,0,0
4618,0.003526316,0.005331808,0,0,0,0,0,0,0,0.054213561,0,0
4619,0.005366917,0.005892559,0,0,0,0,0,0,0,0.057590237,0,0
4620,0.007847961,0.006256934,0,0,0,0,0,0,0,0.062577599,0,0
4621,0.011025973,0.006383333,0,0,0,0,0,0,0,0.06957151,0,0
4622,0.014883507,0.006256934,0,0,0,0,0,0,0,0.078646138,0,0
4623,0.019302868,0.005892559,0,0,0,0,0,0,0,0.089487367,0,0
4624,0.024052855,0.005331808,0,0,0,0,0,0,0,0.101394356,0,0
4625,0.028796496,0.004635251,0,0,0,0,0,0,0,0.11335309,0,0
4626,0.033123854,0.003871687,0,0,0,0,0,0,0,0.124171429,0,0
4627,0.03660752,0.003107102,0,0,0,0,0,0,0,0.132652548,0,0
4628,0.038871203,0.002395736,0,0,0,0,0,0,0,0.137775553,0,0
4629,0.039656453,0.001774805,0,0,0,0,0,0,0,0.138850106,0,0
4630,0.038871203,0.001263253,0,0,0,0,0,0,0,0.135616875,0,0
4631,0.03660752,0.00086389,0,0,0,0,0,0,0,0.12827659,0,0
4632,0.033123854,0.000567616,0,0,0,0,0,0,0,0.117445023,0,0
4633,0.028796496,0.000358327,0,0,0,0,0,0,0,0.104046076,0,0
4634,0.024052855,0.000217336,0,0,0,0,0,0,0,0.089166635,0,0
4635,0.019302868,0.000126652,0,0,0,0,0,0,0,0.073902493,0,0
4636,0.014883507,7.09E-05,0,0,0,0,0,0,0,0.059217053,0,0
4637,0.011025973,3.81E-05,0,0,0,0,0,0,0,0.045874516,0,0
4638,0.007847961,1.97E-05,0,0,0,0,0,0,0,0.034343573,0,0
4639,0.005366917,9.79E-06,0,0,0,0,0,0,0,0.024840207,0,0
4640,0.003526316,4.67E-06,0,0,0,0,0,0,0,0.017353219,0,0
4641,0.002226106,2.14E-06,0,0,0,0,0,0,0,0.01172587,0,0
4642,0.001350201,0,0,0,0,0,0,0,0,0.007666185,0,0
4643,0.000786827,0,0,0,0,0,0,0,0,0.00488193,0,0
4644,0.000440543,0,0,0,0,0,0,0,0,0.003089706,0,0
4645,0.000236988,0,0,0,0,0,0,0,0,0.002058111,0,0
4646,0.000122487,0,0,0,0,0,0,0,0,0.001627443,0,0
4647,6.24E-05,0,0,0,0,0,0,0,0,0.001711495,0,0
4648,3.25E-05,0,0,0,0,0,0,0,0,0.002325171,0,0
4649,2.06E-05,0,0,0,0,0,0,0,0,0.003543642,0,0
4650,1.48E-05,0,0,0,0,0,0,0,0,0.005464099,4.89E-07,0
4651,2.86E-05,0,0,0,0,0,0,0,0,0.008280917,1.07E-06,0
4652,5.32E-05,0,0,0,0,0,0,0,0,0.012128407,2.24E-06,0
4653,9.50E-05,0,0,0,0,0,0,0,0,0.01711163,4.50E-06,0
4654,0.000163002,0,0,0,0,0,0,0,0,0.023263595,8.71E-06,0
4655,0.000268745,0,0,0,0,0,0,0,0,0.030466506,1.62E-05,0
4656,0.000425712,0,0,0,0,0,0,0,0,0.038470255,2.89E-05,0
4657,0.000647918,0,0,0,0,0,0,0,0,0.046892584,4.96E-05,0
4658,0.00094744,0,0,0,0,0,0,0,0,0.055262529,8.19E-05,0
4659,0.001331103,0,0,0,0,0,0,0,0,0.063088428,0.000129662,0
4660,0.001796802,0,0,0,0,0,0,0,0,0.069934475,0.000197341,0
4661,0.002330326,0,0,0,0,0,0,0,0,0.075484643,0.000288568,0
4662,0.002903765,0,0,0,0,0,0,0,0,0.07957485,0.000405423,0
4663,0.003476438,0,0,0,0,0,0,0,0,0.082184001,0.000547264,0
4664,0.003998856,0,0,0,0,0,0,0,0,0.083388778,0.000709764,0
4665,0.004419419,0,0,0,0,0,0,0,0,0.083300348,0.00088442,0
4666,0.004692701,0,0,0,0,0,0,0,0,0.082007729,0.001058843,0
4667,0.004787499,0,0,0,0,0,0,0,0,0.079549389,0.001217959,0
4668,0.004692701,0,0,0,0,0,0,0,0,0.075922754,0.001346053,0
4669,0.004419419,0,0,0,0,0,0,0,0,0.071125689,0.001429289,0
4670,0.003998856,0,0,0,0,0,0,0,0,0.065211226,0.001458162,0
4671,0.003476438,0,0,0,0,0,0,0,0,0.058332086,0.001429289,0
4672,0.002903765,0,0,0,0,0,0,0,0,0.050756342,0.001346053,0
4673,0.002330326,0,0,0,0,0,0,0,0,0.042847276,0.001217959,0
4674,0.001796802,0,0,0,0,0,0,0,0,0.035013805,0.001058843,0
4675,0.001331103,0,0,0,0,0,0,0,0,0.027647462,0.00088442,0
4676,0.00094744,0,0,0,0,0,0,0,0,0.021064672,0.000709764,0
4677,0.000647918,0,0,0,0,0,0,0,0,0.015469021,0.000547264,0
4678,0.000425712,0,0,0,0,0,0,0,0,0.010940061,0.000405423,0
4679,0.000268745,0,0,0,0,0,0,0,0,0.007446561,0.000288568,0
4680,0.000163002,0,0,0,0,0,0,0,0,0.004876077,0.000197341,0
4681,9.50E-05,0,0,0,0,0,0,0,0,0.003070549,0.000129662,0
4682,5.32E-05,0,0,0,0,0,0,0,0,0.001850097,8.19E-05,0
4683,2.86E-05,0,0,0,0,0,0,0,0,0.001078141,4.96E-05,0
4684,1.48E-05,0,0,0,0,0,0,0,0,0.000603649,2.89E-05,0
4685,7.34E-06,0,0,0,0,0,0,0,0,0.00032473,1.62E-05,0
4686,3.50E-06,0,0,0,0,0,0,0,0,0.000167837,8.71E-06,0
4687,1.61E-06,0,0,0,0,0,0,0,0,8.33E-05,4.50E-06,0
4688,0,0,0,0,0,0,0,0,0,3.98E-05,2.24E-06,0
4689,0,0,0,0,0,0,0,0,0,1.82E-05,1.07E-06,0
4690,0,0,0,0,0,0,0,0,0,0,4.89E-07,0
4691,0,0,0,0,0,0,0,0,0,0,0,0
4692,0,0,0,0,0,0,0,0,0,0,0,0
4693,0,0,0,0,0,0,0,0,0,0,0,0
4694,0,0,0,0,0,0,0,0,0,0,0,0
4695,0,0,0,0,0,0,0,0,0,0,0,0
4696,0,0,0,0,0,0,0,0,0,0,0,0
4697,0,0,0,0,0,0,0,0,0,0,0,0
4698,0,0,0,0,0,0,0,0,0,0,0,0
4699,0,0,0,0,0,0,0,0,0,0,0,0
4700,0,0,0,0,0,0,0,0,0,0,0,0
4701,0,0,0,0,0,0,0,0,0,0,0,0
4702,0,0,0,0,0,0,0,0,0,0,0,0
4703,0,0,0,0,0,0,0,0,0,0,0,0
4704,0,0,0,0,0,0,0,0,0,0,0,0
4705,0,0,0,0,0,0,0,0,0,0,0,0
4706,0,0,0,0,0,0,0,0,0,0,0,0
4707,0,0,0,0,0,0,0,0,0,0,0,0
4708,0,0,0,0,0,0,0,0,0,0,0,0
4709,0,0,0,0,0,0,0,0,0,0,0,0
4710,0,0,0,0,0,0,0,0,0,0,0,0
4711,0,0,0,0,0,0,0,0,0,0,0,0
4712,0,0,0,0,6.69E-07,0,0,0,0,0,0,0
4713,0,0,0,0,1.46E-06,0,0,0,0,0,0,0
4714,0,0,0,0,3.06E-06,0,0,0,0,0,0,0
4715,0,0,0,0,6.16E-06,0,0,0,0,0,0,0
4716,0,0,0,0,1.19E-05,0,0,0,0,0,0,0
4717,0,0,0,0,2.22E-05,0,0,0,0,0,0,0
4718,0,0,0,0,3.96E-05,0,0,0,0,0,0,0
4719,0,0,0,0,6.79E-05,0,0,0,0,0,0,0
4720,0,0,0,0,0.000111977,0,0,0,0,0,0,0
4721,0,0,0,0,0.00017738,0,0,0,0,1.01E-05,0,0
4722,0,0,0,0,0.000269966,0,0,0,0,2.21E-05,0,0
4723,0,0,0,0,0.000394767,0,0,0,0,4.63E-05,0,0
4724,0,0,0,0,0.000554626,0,0,0,0,9.32E-05,0,0
4725,0,0,0,0,0.000748667,0,0,0,0,0.000180405,0,0
4726,0,0,0,0,0.000970969,0,0,0,0,0.000335361,0,0
4727,0,0,0,0,0.001209902,0,0,0,0,0.000598967,0,0
4728,0,0,0,0,0.001448516,0,0,0,0,0.001027832,0,0
4729,0,0,0,0,0.00166619,0,0,0,0,0.001694608,0,0
4730,0,0,0,0,0.001841425,0,0,0,0,0.002684385,0,0
4731,0,0,0,0,0.001955292,0,0,0,0,0.004085531,0,0
4732,0,0,0,0,0.001994791,0,0,0,0,0.005974209,0,0
4733,0,0,0,0,0.001955292,0,0,0,0,0.00839345,0,0
4734,0,0,0,0,0.001841425,0,0,0,0,0.011329973,0,0
4735,0,0,0,0,0.00166619,0,0,0,0,0.014694183,0,0
4736,0,0,0,0,0.001448516,0,0,0,0,0.018310079,0,0
4737,0,0,0,0,0.001209902,0,0,0,0,0.021921144,0,0
4738,0,0,0,0,0.000970969,0,0,0,0,0.025215318,0,0
4739,0,0,0,0,0.000748667,0,0,0,0,0.027867236,0,0
4740,0,0,0,0,0.000554626,0,0,0,0,0.02959045,0,0
4741,0,0,0,0,0.000394767,0,0,0,0,0.030188217,0,0
4742,0,0,0,0,0.000269966,0,0,0,0,0.02959045,0,0
4743,0,0,0,0,0.00017738,0,0,0,0,0.027867236,0,0
4744,0,0,0,0,0.000111977,0,0,0,0,0.025215318,0,0
4745,0,0,0,0,6.79E-05,0,0,0,0,0.021921144,0,0
4746,0,0,0,0,3.96E-05,0,0,0,0,0.018310079,0,0
4747,0,0,0,0,2.22E-05,0,0,0,0,0.014694183,0,0
4748,0,0,0,0,1.19E-05,0,0,0,0,0.011329973,0,0
4749,0,0,0,0,6.16E-06,0,0,0,0,0.00839345,0,0
4750,0,0,0,0,3.06E-06,0,0,0,0,0.005974209,0,0
4751,0,0,0,0,1.46E-06,0,0,0,0,0.004085531,0,0
4752,0,0,0,0,6.69E-07,0,0,0,0,0.002684385,0,0
4753,0,0,0,0,0,0,0,0,0,0.001694608,0,0
4754,0,0,0,0,0,0,0,0,0,0.001027832,0,0
4755,0,0,0,0,0,0,0,0,0,0.000598967,0,0
4756,0,0,0,0,0,0,0,0,0,0.000335361,0,0
4757,0,0,0,0,0,0,0,0,0,0.000180405,0,0
4758,0,0,0,0,0,0,0,0,0,9.32E-05,0,0
4759,0,0,0,0,0,0,0,0,0,4.63E-05,0,0
4760,0,0,0,0,0,0,0,0,0,2.21E-05,0,0
4761,0,0,0,0,0,0,0,0,0,1.01E-05,0,0
4762,0,0,0,0,0,0,0,0,0,0,0,0
4763,0,0,0,0,0,0,0,0,0,0,0,0
4764,0,0,0,0,0,0,0,0,0,0,0,0
4765,0,0,0,0,0,0,0,0,0,0,0,0
4766,0,0,0,0,0,0,0,0,0,0,0,0
4767,0,0,0,0,0,0,0,0,0,0,0,0
4768,0,0,0,0,0,0,0,0,0,0,0,0
4769,0,0,0,0,0,0,0,0,0,0,0,0
4770,0,0,0,0,0,0,0,0,0,0,0,0
4771,0,0,0,0,0,0,0,0,0,0,0,0
4772,0,0,0,0,0,0,0,0,0,0,0,0
4773,0,0,0,0,0,0,0,0,0,0,0,0
4774,0,0,0,0,0,0,0,0,0,0,0,0
4775,0,0,0,0,0,0,0,0,0,0,0,0
4776,0,0,0,0,0,0,0,0,0,0,0,0
4777,0,0,0,0,0,0,0,0,0,0,0,0
4778,0,0,0,0,0,0,0,0,0,0,0,0
4779,0,0,0,0,0,0,0,0,0,0,0,0
4780,0,0,0,0,0,0,0,0,0,0,0,0
4781,0,0,0,0,0,0,0,0,0,0,0,0
4782,0,0,0,0,0,0,0,0,0,0,0,0
4783,0,0,0,0,0,0,0,0,0,0,0,0
4784,0,0,0,0,0,0,0,0,0,0,0,0
4785,0,0,0,0,0,0,0,0,0,0,0,0
4786,0,0,0,0,0,0,0,0,0,0,0,0
4787,0,0,0,0,0,0,0,0,0,0,0,0
4788,0,0,0,0,0,0,0,0,0,0,0,0
4789,0,0,0,0,0,0,0,0,0,0,0,0
4790,0,0,0,0,0,0,0,0,0,0,0,0
4791,0,0,0,0,0,0,0,0,0,0,0,0
4792,0,0,0,0,0,0,0,0,0,0,0,0
4793,0,0,0,0,0,0,0,0,0,0,0,0
4794,0,0,0,0,0,0,0,0,0,0,0,0
4795,0,0,0,0,0,0,0,0,0,0,0,0
4796,0,0,0,0,0,0,0,0,0,0,0,0
4797,0,0,0,0,0,0,0,0,0,0,0,0
4798,0,0,0,0,0,0,0,0,0,0,0,0
4799,0,0,0,0,0,0,0,0,0,0,0,0
4800,0,0,0,0,0,0,0,0,0,0,0,0
4801,0,0,0,0,0,0,0,0,0,0,0,0
4802,0,0,0,0,0,0,0,0,0,0,0,0
4803,0,0,0,0,0,0,0,0,0,0,0,0
4804,0,0,0,0,0,0,0,0,0,0,0,0
4805,0,0,0,0,0,0,0,0,0,0,0,0
4806,0,0,0,0,0,0,0,0,0,0,0,0
4807,0,0,0,0,0,0,0,0,0,0,0,0
4808,0,0,0,0,0,0,0,0,0,0,0,0
4809,0,0,0,0,0,0,0,0,0,0,0,0
4810,0,0,0,0,0,0,0,0,0,0,0,0
4811,0,0,0,0,0,0,0,0,0,0,0,0
4812,0,0,0,0,0,0,0,0,0,0,0,0
4813,0,0,0,0,0,0,0,0,0,0,0,0
4814,0,0,0,0,0,0,0,0,0,0,0,0
4815,0,0,0,0,0,0,0,0,0,0,0,0
4816,0,0,0,0,0,0,0,0,0,0,0,0
4817,0,0,0,0,0,0,0,0,0,0,0,0
4818,0,0,0,0,0,0,0,0,0,0,0,0
4819,0,0,0,0,0,0,0,0,0,0,0,0
4820,0,0,0,0,0,0,0,0,0,0,0,0
4821,0,0,0,0,0,0,0,0,0,0,0,0
4822,0,0,0,0,0,0,0,0,0,0,0,0
4823,0,0,0,0,0,0,0,0,0,0,0,0
4824,0,0,0,0,0,0,0,0,0,0,0,0
4825,0,0,0,0,0,0,0,0,0,0,0,0
4826,0,0,0,0,0,0,0,0,0,0,0,0
4827,0,0,0,0,0,0,0,0,0,0,0,0
4828,0,0,0,0,0,0,0,0,0,0,0,0
4829,0,0,0,0,0,0,0,0,0,0,0,0
4830,0,0,0,0,0,0,0,0,0,0,0,0
4831,0,0,0,0,0,0,0,0,0,0,0,0
4832,0,0,0,0,0,0,0,0,0,0,0,0
4833,0,0,0,0,0,0,0,0,0,0,0,0
4834,0,0,0,0,0,0,0,0,0,0,0,0
4835,0,0,0,0,0,0,0,0,0,0,0,0
4836,0,0,0,0,0,0,0,0,0,0,0,0
4837,0,0,0,0,0,0,0,0,0,0,0,0
4838,0,0,0,0,0,0,0,0,0,0,0,0
4839,0,0,0,0,0,0,0,0,0,0,0,0
4840,0,0,0,0,0,0,0,0,0,0,0,0
4841,0,0,0,0,0,0,0,0,0,0,0,0
4842,0,0,0,0,0,0,0,0,0,0,0,0
4843,0,0,0,0,0,0,0,0,0,0,0,0
4844,0,0,0,0,0,0,0,0,0,0,0,0
4845,0,0,0,0,0,0,0,0,0,0,0,0
4846,0,0,0,0,0,0,0,0,0,0,0,0
4847,0,0,0,0,0,0,0,0,0,0,0,0
4848,0,0,0,0,0,0,0,0,0,0,0,0
4849,0,0,0,0,0,0,0,0,0,0,0,0
4850,0,0,0,0,0,0,0,0,0,0,0,0
4851,0,0,0,0,0,0,0,0,0,0,0,0
4852,0,0,0,0,0,0,0,0,0,0,0,0
4853,0,0,0,0,0,0,0,0,0,0,0,0
4854,0,0,0,0,0,0,0,0,0,0,0,0
4855,0,0,0,0,0,0,0,0,0,0,0,0
4856,0,0,0,0,0,0,0,0,0,0,0,0
4857,0,0,0,0,0,0,0,0,0,0,0,0
4858,0,0,0,0,0,0,0,0,0,0,0,0
4859,0,0,0,0,0,0,0,0,0,0,0,0
4860,0,0,0,0,0,0,0,0,0,0,0,0
4861,0,0,0,0,0,0,0,0,0,0,0,0
4862,0,0,0,0,0,0,0,0,0,0,0,0
4863,0,0,0,0,0,0,0,0,0,0,0,0
4864,0,0,0,0,0,0,0,0,0,0,0,0
4865,0,0,0,0,0,0,0,0,0,0,0,0
4866,0,0,0,0,0,0,0,0,0,0,0,0
4867,0,0,0,0,0,0,0,0,0,0,0,0
4868,0,0,0,0,0,0,0,0,0,0,0,0
4869,0,0,0,0,0,0,0,0,0,0,0,0
4870,0,0,0,0,0,0,0,0,0,0,0,0
4871,0,0,0,0,0,0,0,0,0,0,0,0
4872,0,0,0,0,0,0,0,0,0,0,0,0
4873,0,0,0,0,0,0,0,0,0,0,0,0
4874,0,0,0,0,0,0,0,0,0,0,0,0
4875,0,0,0,0,0,0,0,0,0,0,0,0
4876,0,0,0,0,0,0,0,0,0,0,0,0
4877,0,0,0,0,0,0,0,0,0,0,0,0
4878,0,0,0,0,0,0,0,0,0,0,0,0
4879,0,0,0,0,0,0,0,0,0,0,0,0
4880,0,0,0,0,0,0,0,0,0,0,0,0
4881,0,0,0,0,0,0,0,0,0,0,0,0
4882,0,0,0,0,0,0,0,0,0,0,0,0
4883,0,0,0,0,0,0,0,0,0,0,0,0
4884,0,0,0,0,0,0,0,0,0,0,0,0
4885,0,0,0,0,0,0,0,0,0,0,0,0
4886,0,0,0,0,0,0,0,0,0,0,0,0
4887,0,0,0,0,0,0,0,0,0,0,0,0
4888,0,0,0,0,0,0,0,0,0,0,0,0
4889,0,0,0,0,0,0,0,0,0,0,0,0
4890,0,0,0,0,0,0,0,0,0,0,0,0
4891,0,0,0,0,0,0,0,0,0,0,0,0
4892,0,0,0,0,0,0,0,0,0,0,0,0
4893,0,0,0,0,0,0,0,0,0,0,0,0
4894,0,0,0,0,0,0,0,0,0,0,0,0
4895,0,0,0,0,0,0,0,0,0,0,0,0
4896,0,0,0,0,0,0,0,0,0,0,0,0
4897,0,0,0,0,0,0,0,0,0,0,0,0
4898,0,0,0,0,0,0,0,0,0,0,0,0
4899,0,0,0,0,0,0,0,0,0,0,0,0
4900,0,0,0,0,0,0,0,0,0,0,0,0
4901,0,0,0,0,0,0,0,0,0,0,0,0
4902,0,0,0,0,0,0,0,0,0,0,0,0
4903,0,0,0,0,0,0,0,0,0,0,0,0
4904,0,0,0,0,0,1.76E-05,0,0,0,0,0,0
4905,0,0,0,0,0,3.83E-05,0,0,0,0,0,0
4906,0,0,0,0,0,8.03E-05,0,0,0,0,0,0
4907,0,0,0,0,0,0.000161674,0,0,0,0,0,0
4908,0,0,0,0,0,0.000312805,0,0,0,0,0,0
4909,0,0,0,0,0,0.000581482,0,0,0,0,0,0
4910,0,0,0,0,0,0.001038549,0,0,0,0,0,0
4911,0,0,0,0,0,0.001782157,0,0,0,0,0,0
4912,0,0,0,0,0,0.00293828,0,0,0,0,0,0
4913,0,0,0,0,0,0.004654453,0,0,0,0,0,0
4914,0,0,0,0,0,0.007083899,0,0,0,0,0,0
4915,0,0,0,0,0,0.010358676,0,0,0,0,0,0
4916,0,0,0,0,0,0.014553397,0,0,0,0,0,0
4917,0,0,0,0,0,0.019645032,0,0,0,0,0,0
4918,0,0,0,0,0,0.025478232,0,0,0,0,0,0
4919,0,0,0,0,0,0.031747833,0,0,0,0,0,0
4920,0,0,0,0,0,0.038009056,0,0,0,0,0,0
4921,0,0,0,0,0,0.043720822,0,0,0,0,0,0
4922,0,0,0,0,0,0.048318981,0,0,0,0,0,0
4923,0,0,0,0,0,0.05130686,0,0,0,0,0,0
4924,0,0,0,0,0,0.052343327,0,0,0,0,0,0
4925,0,0,0,0,0,0.05130686,0,0,0,0,0,0
4926,0,0,0,0,0,0.048318981,0,0,0,0,0,0
4927,0,0,0,0,0,0.043720822,0,0,0,0,0,0
4928,0,0,0,0,0,0.038009056,0,0,0,0,0,0
4929,0,0,0,0,0,0.031747833,0,0,0,0,0,0
4930,0,0,0,0,0,0.025478232,0,0,0,0,0,0
4931,0,0,0,0,0,0.019645032,0,0,0,0,0,0
4932,0,0,0,0,0,0.014553397,0,0,0,0,0,0
4933,0,0,0,0,0,0.010358676,0,0,0,0,0,0
4934,0,0,0,0,0,0.007083899,0,0,0,0,0,0
4935,0,0,0,0,0,0.004654453,0,0,0,0,0,0
4936,0,0,0,0,0,0.00293828,0,0,0,0,0,0
4937,0,0,0,0,0,0.001782157,0,0,0,0,0,0
4938,0,0,0,0,0,0.001038549,0,0,0,0,0,0
4939,0,0,0,0,0,0.000581482,0,0,0,0,0,0
4940,0,0,0,0,0,0.000312805,0,0,0,0,0,0
4941,0,0,0,0,0,0.000161674,0,0,0,0,0,0
4942,0,0,0,0,0,8.03E-05,0,0,0,0,0,0
4943,0,0,0,0,0,3.83E-05,0,0,0,0,0,0
4944,0,0,0,0,0,1.76E-05,0,0,0,0,0,0
4945,0,0,0,0,0,0,0,0,0,0,0,0
4946,0,0,0,0,0,0,0,0,0,0,0,0
4947,0,0,0,0,0,0,0,0,0,0,0,0
4948,0,0,0,0,0,0,0,0,0,0,0,0
4949,0,0,0,0,0,0,0,0,0,0,0,0
4950,0,0,0,0,0,0,0,0,0,0,0,0
4951,0,0,0,0,0,0,0,0,0,0,0,0
4952,0,0,0,0,0,0,0,0,0,0,0,0
4953,0,0,0,0,0,0,0,0,0,0,0,0
4954,0,0,0,0,0,0,0,0,0,0,0,0
4955,0,0,0,0,0,0,0,0,0,0,0,0
4956,0,0,0,0,0,0,0,0,0,0,0,0
4957,0,0,0,0,0,0,0,0,0,0,0,0
4958,0,0,0,0,0,0,0,0,0,0,0,0
4959,0,0,0,0,0,0,0,0,0,0,0,0
4960,0,0,0,0,0,0,0,0,0,0,0,0
4961,0,0,0,0,0,0,0,0,0,0,0,0
4962,0,0,0,0,0,0,0,0,0,0,0,0
4963,0,0,0,0,0,0,0,0,0,0,0,0
4964,0,0,0,0,0,0,0,0,0,0,0,0
4965,0,0,0,0,0,0,0,0,0,0,0,0
4966,0,0,0,0,0,0,0,0,0,0,0,0
4967,0,0,0,0,0,0,0,0,0,0,0,0
4968,0,0,0,0,0,0,0,0,0,0,0,0
4969,0,0,0,0,0,0,0,0,0,0,0,0
4970,0,0,0,0,0,0,0,0,0,0,0,0
4971,0,0,0,0,0,0,0,0,0,0,0,0
4972,0,0,0,0,0,0,0,0,0,0,0,0
4973,0,0,1.10E-06,0,0,0,0,0,0,0,0,0
4974,0,0,2.39E-06,0,0,0,0,0,0,0,0,0
4975,0,0,5.02E-06,0,0,0,0,0,0,0,0,0
4976,0,0,1.01E-05,0,0,0,0,0,0,0,0,0
4977,0,0,1.96E-05,0,0,0,0,0,0,0,0,0
4978,0,0,3.63E-05,0,0,0,0,0,0,0,0,0
4979,0,0,6.49E-05,0,0,0,0,0,0,0,0,0
4980,0,0,0.000111385,0,0,0,0,0,0,0,0,0
4981,0,0,0.000183643,0,0,0,0,0,0,0,0,0
4982,0,0,0.000290903,0,0,0,0,0,0,0,0,0
4983,0,0,0.000442744,0,0,0,0,0,0,0,0,0
4984,0,0,0.000647417,0,0,0,0,0,0,0,0,0
4985,0,0,0.000909587,0,0,0,0,0,0,0,0,0
4986,0,0,0.001227814,0,0,0,0,0,0,0,0,0
4987,0,0,0.00159239,0,0,0,0,0,0,0,0,0
4988,0,0,0.00198424,0,0,0,0,0,0,0,0,0
4989,0,0,0.002375566,0,0,0,0,0,0,0,0,0
4990,0,0,0.002732551,0,0,0,0,0,0,0,0,0
4991,0,0,0.003019936,0,0,0,0,0,0,0,0,0
4992,0,0,0.003206679,0,0,0,0,0,0,0,0,0
4993,0,0,0.003271458,0,0,0,0,0,0,0,0,0
4994,0,0,0.003206679,0,0,0,0,0,0,0,0,0
4995,0,0,0.003019936,0,0,0,0,0,0,0,0,0
4996,0,0,0.002732551,0,0,0,0,0,0,0,0,0
4997,0,0,0.002375566,0,0,0,0,0,0,0,0,0
4998,0,0,0.00198424,0,0,0,0,0,0,0,0,0
4999,0,0,0.00159239,0,0,2.68E-05,0,0,0,0,0,0
5000,0,0,0.001227814,0,0,5.84E-05,0,0,0,0,0,0
5001,0,0,0.000909587,0,0,0.000122385,0,0,0,0,0,0
5002,0,0,0.000647417,0,0,0.000246454,0,0,0,0,0,0
5003,0,0,0.000442744,0,0,0.000476837,0,0,0,0,0,0
5004,0,0,0.000290903,0,0,0.000886405,0,0,0,0,0,0
5005,0,0,0.000183643,0,0,0.001583154,0,0,0,0,0,0
5006,0,0,0.000111385,0,0,0.002716703,0,0,0,0,0,0
5007,0,0,6.49E-05,0,0,0.004479086,0,0,0,0,0,0
5008,0,0,3.63E-05,0,0,0.007095203,0,0,0,0,0,0
5009,0,0,1.96E-05,0,0,0.010798626,0,0,0,0,0,0
5010,0,0,1.01E-05,0,0,0.015790665,0,0,0,0,0,0
5011,0,0,5.02E-06,0,0,0.022185057,0,0,0,0,0,0
5012,0,0,2.39E-06,0,0,0.029946694,0,0,0,0,0,0
5013,0,0,1.10E-06,0,0,0.038838769,0,0,0,0,0,0
5014,0,0,0,0,0,0.048396086,0,0,0,0,0,0
5015,0,0,0,0,0,0.057940635,0,0,0,0,0,0
5016,0,0,0,0,0,0.066647594,0,0,0,0,0,0
5017,0,0,0,0,0,0.073656983,0,0,0,0,0,0
5018,0,0,0,0,0,0.078211676,0,0,0,0,0,0
5019,0,0,0,0,0,0.079791657,0,0,0,0,0,0
5020,0,0,0,0,0,0.078211676,0,0,0,0,0,0
5021,0,0,0,0,0,0.073656983,0,0,0,0,0,0
5022,0,0,0,0,0,0.066647594,0,0,0,0,0,0
5023,0,0,0,0,0,0.057940635,0,0,0,0,0,0
5024,0,0,0,0,0,0.048396086,0,0,0,0,0,0
5025,0,0,0,0,0,0.038838769,0,0,0,0,0,0
5026,0,0,0,0,0,0.029946694,0,0,0,0,0,0
5027,0,0,0,0,0,0.022185057,0,0,0,0,0,0
5028,0,0,0,0,0,0.015790665,0,0,0,0,0,0
5029,0,0,0,0,0,0.010798626,0,0,0,0,0,0
5030,0,0,0,0,0,0.007095203,0,0,0,0,0,0
5031,0,0,0,0,0,0.004479086,0,0,0,0,0,0
5032,0,0,0,0,0,0.002716703,0,0,0,0,0,0
5033,0,0,0,0,0,0.001583154,0,0,0,0,0,0
5034,0,0,0,0,0,0.000886405,0,0,0,0,0,0
5035,0,0,0,0,0,0.000476837,0,0,0,0,0,0
5036,0,0,0,0,0,0.000246454,0,0,0,0,0,0
5037,0,0,0,0,0,0.000122385,0,0,0,0,0,0
5038,0,0,0,0,0,5.84E-05,0,0,0,0,0,0
5039,0,0,0,0,0,2.68E-05,0,0,0,0,0,0
5040,0,0,0,0,0,0,0,0,0,0,0,0
5041,0,0,0,0,0,0,0,0,0,0,0,0
5042,0,0,0,0,0,0,0,0,0,0,0,0
5043,0,0,0,0,0,0,0,0,0,0,0,0
5044,0,0,0,0,0,0,0,0,0,0,0,0
5045,0,0,0,0,0,0,0,0,0,0,0,0
5046,0,0,0,0,0,0,0,0,0,0,0,0
5047,0,0,0,0,0,0,0,0,0,0,0,0
5048,0,0,0,0,0,0,0,0,0,0,0,0
5049,0,0,0,0,0,0,0,0,0,0,0,0
5050,0,0,0,0,0,0,0,0,0,0,0,0
5051,0,0,0,0,0,0,0,0,0,0,0,0
5052,0,0,0,0,0,0,0,0,0,0,0,0
5053,0,0,0,0,0,0,0,0,0,0,0,0
5054,0,0,0,0,0,0,0,0,0,0,0,0
5055,0,0,0,0,0,0,0,0,0,0,0,0
5056,0,0,0,0,0,0,0,0,0,0,0,0
5057,0,0,0,0,0,0,0,0,0,0,0,0
5058,0,0,0,0,0,0,0,0,0,0,0,0
5059,0,0,0,0,0,0,0,0,0,0,0,0
5060,0,0,0,0,0,0,0,0,0,0,0,0
5061,0,0,0,0,0,0,0,0,0,0,0,0
5062,0,0,0,0,0,0,0,0,0,0,0,0
5063,0,0,0,0,0,0,0,0,0,0,0,0
5064,0,0,0,0,0,0,0,0,0,0,0,0
5065,0,0,0,0,0,0,0,0,0,0,0,0
5066,0,0,0,0,0,0,0,0,0,0,0,0
5067,0,0,0,0,0,0,0,0,0,0,0,0
5068,0,0,0,0,0,0,0,0,0,0,0,0
5069,0,0,0,0,0,0,0,0,0,0,0,0
5070,0,0,0,0,0,0,0,0,0,0,0,0
5071,0,0,0,0,0,0,0,0,0,0,0,0
5072,0,0,0,0,0,0,0,0,0,0,0,0
5073,0,0,0,0,0,0,0,0,0,0,0,0
5074,0,0,0,0,0,0,0,0,0,0,0,0
5075,0,0,0,0,0,0,0,0,0,0,0,0
5076,0,0,0,0,0,0,0,0,0,0,0,0
5077,0,0,0,0,0,0,0,0,0,0,0,0
5078,0,0,0,0,0,0,0,0,0,0,0,0
5079,0,0,0,0,0,0,0,0,0,0,0,0
5080,0,0,0,0,0,0,0,0,0,0,0,0
5081,0,0,0,0,0,0,0,0,0,0,0,0
5082,0,0,0,0,0,0,0,0,0,0,0,0
5083,0,0,0,0,0,0,0,0,0,0,0,0
5084,0,0,0,0,0,0,0,0,0,0,0,0
5085,0,0,0,0,0,0,0,0,0,0,0,0
5086,0,0,0,0,0,0,0,0,0,0,0,0
5087,0,0,0,0,0,0,0,0,0,0,0,0
5088,0,0,0,0,0,0,0,0,0,0,0,0
5089,0,0,0,0,0,0,0,0,0,0,0,0
5090,0,0,0,0,0,0,0,0,0,0,0,0
5091,0,0,0,0,0,0,0,0,0,0,0,0
5092,0,0,0,0,0,0,0,0,0,0,0,0
5093,0,0,0,0,0,0,0,0,0,0,0,0
5094,0,0,0,0,0,0,0,0,0,0,0,0
5095,0,0,0,0,0,0,0,0,0,0,0,0
5096,0,0,0,0,0,0,0,0,0,0,0,0
5097,0,0,0,0,0,0,0,0,0,0,0,0
5098,0,0,0,0,0,0,0,0,0,0,0,0
5099,0,0,0,0,0,0,0,0,0,0,0,0
5100,0,0,0,0,0,0,0,0,0,0,0,0
5101,0,0,0,0,0,0,0,0,0,0,0,0
5102,0,0,0,0,0,0,0,0,0,0,0,0
5103,0,0,0,0,0,0,0,0,0,0,0,0
5104,0,0,0,0,0,0,0,0,0,0,0,0
5105,0,0,0,0,0,0,0,0,0,0,0,0
5106,0,0,0,0,0,0,0,0,0,0,0,0
5107,0,0,0,0,0,0,0,0,0,0,0,0
5108,0,0,0,0,0,0,0,0,0,0,0,0
5109,0,0,0,0,0,0,0,0,0,0,0,0
5110,0,0,0,0,0,0,0,0,0,0,0,0
5111,0,0,0,0,0,0,0,0,0,2.23E-05,0,0
5112,0,0,0,0,0,0,0,0,0,4.86E-05,0,0
5113,0,0,0,0,0,0,0,0,0,0.000101867,0,0
5114,0,0,0,0,0,0,0,0,0,0.000205134,0,0
5115,0,0,0,0,0,0,0,0,0,0.000396892,0,0
5116,0,0,0,0,0,0,0,0,0,0.000737794,0,0
5117,0,0,0,0,0,0,0,0,0,0.001317728,0,0
5118,0,0,0,0,0,0,0,0,0,0.00226123,0,0
5119,0,0,0,0,0,0,0,0,0,0.003728139,0,0
5120,0,0,0,0,0,0,0,0,0,0.005905647,0,0
5121,0,0,0,0,0,0,0,0,0,0.008988168,0,0
5122,0,0,0,0,0,0,0,0,0,0.01314326,0,0
5123,0,0,0,0,0,0,0,0,0,0.018465591,0,0
5124,0,0,0,0,0,0,0,0,0,0.024925941,0,0
5125,0,0,0,0,0,0,0,0,0,0.032327202,0,0
5126,0,0,0,4.28E-07,0,0,0,0,0,0.040282175,0,0
5127,0,0,0,9.34E-07,0,0,0,0,0,0.048226519,0,0
5128,0,0,0,1.96E-06,0,0,0,0,0,0.055473701,0,0
5129,0,0,0,3.94E-06,0,0,0,0,0,0.061307921,0,0
5130,0,0,0,7.63E-06,0,0,0,0,0,0.065098991,0,0
5131,0,0,0,1.42E-05,0,0,0,0,0,0.066414078,0,0
5132,0,0,0,2.53E-05,0,0,0,0,0,0.065098991,0,0
5133,0,0,0,4.35E-05,0,0,0,0,0,0.061307921,0,0
5134,0,0,0,7.17E-05,0,0,0,0,0,0.055473701,0,0
5135,0,0,0,0.000113523,0,0,0,0,0,0.048226519,0,0
5136,0,0,0,0.000172778,0,0,0,0,0,0.040282175,0,0
5137,0,0,0,0.000252651,0,0,0,0,0,0.032327202,0,0
5138,0,0,0,0.000354961,0,0,0,0,0,0.024925941,0,0
5139,0,0,0,0.000479147,0,0,0,0,0,0.018465591,0,0
5140,0,0,0,0.00062142,0,0,0,0,0,0.01314326,0,0
5141,0,0,0,0.000774337,0,0,0,0,0,0.008988168,0,0
5142,0,0,0,0.00092705,0,0,0,0,0,0.005905647,0,0
5143,0,0,0,0.001066362,0,0,0,0,0,0.003728139,0,0
5144,0,0,0,0.001178512,0,0,0,0,0,0.00226123,0,0
5145,0,0,0,0.001251387,0,0,0,0,0,0.001317728,0,0
5146,0,0,0,0.001276667,0,0,0,0,0,0.000737794,0,0
5147,0,0,0,0.001251387,0,0,0,0,0,0.000396892,0,0
5148,0,0,0,0.001178512,0,0,0,0,0,0.000205134,0,0
5149,0,0,0,0.001066362,0,2.49E-05,0,0,0,0.000101867,0,0
5150,0,0,0,0.00092705,0,5.42E-05,0,0,0,4.86E-05,0,0
5151,0,0,0,0.000774337,0,0.000113696,0,0,0,2.23E-05,0,0
5152,0,0,0,0.00062142,0,0.000228956,0,0,0,0,0,0
5153,0,0,0,0.000479147,0,0.000442981,0,0,0,0,0,0
5154,0,0,0,0.000354961,0,0.00082347,0,0,0,0,0,0
5155,0,0,0,0.000252651,0,0.00147075,0,0,0,0,0,0
5156,0,0,0,0.000172778,0,0.002523817,0,0,0,0,0,0
5157,0,0,0,0.000113523,0,0.004161071,0,0,0,0,0,0
5158,0,0,0,7.17E-05,0,0.006591444,0,0,0,0,0,0
5159,0,0,0,4.35E-05,0,0.010031924,0,0,0,0,0,0
5160,0,0,0,2.53E-05,0,0.014669528,0,0,0,0,0,0
5161,0,0,0,1.42E-05,0,0.020609918,0,0,0,0,0,0
5162,0,0,0,7.63E-06,0,0.027820479,0,0,0,0,0,0
5163,0,0,0,3.94E-06,0,0.036081216,0,0,0,0,0,0
5164,0,0,0,1.96E-06,0,0.044959964,0,0,0,0,0,0
5165,0,0,0,9.34E-07,0,0.05382685,0,0,0,0,0,0
5166,0,0,0,4.28E-07,0,0.061915615,0,0,0,0,0,0
5167,0,0,0,0,0,0.068427337,0,0,0,0,0,0
5168,0,0,0,0,0,0.072658647,0,0,0,0,0,0
5169,0,0,0,0,0,0.074126449,0,0,0,0,0,0
5170,0,0,0,0,0,0.072658647,0,0,0,0,0,0
5171,0,0,0,0,0,0.068427337,0,0,0,0,0,0
5172,0,0,0,0,0,0.061915615,0,0,0,0,0,0
5173,0,0,0,0,0,0.05382685,0,0,0,0,0,0
5174,0,0,0,0,0,0.044959964,0,0,0,0,0,0
5175,0,0,0,0,0,0.036081216,0,0,0,0,0,0
5176,0,0,0,0,0,0.027820479,0,0,0,0,0,0
5177,0,0,0,0,0,0.020609918,0,0,0,0,0,0
5178,0,0,0,0,0,0.014669528,0,1.42E-05,0,0,0,0
5179,0,0,0,0,0,0.010031924,0,3.11E-05,0,0,0,0
5180,0,0,0,0,0,0.006591444,0,6.51E-05,0,0,0,0
5181,0,0,0,0,0,0.004161071,0,0.000131113,0,0,0,0
5182,0,0,0,0,0,0.002523817,0,0.000253677,0,0,0,0
5183,0,0,0,0,0,0.00147075,0,0.000471568,0,0,0,0
5184,0,0,0,0,0,0.00082347,0,0.000842238,0,0,0,0
5185,0,0,0,0,0,0.000442981,0,0.001445286,0,0,0,0
5186,0,0,0,0,0,0.000228956,0,0.002382874,0,0,0,0
5187,0,0,0,0,0,0.000113696,0,0.003774648,0,0,0,0
5188,0,0,0,0,0,5.42E-05,0,0.005744869,0,0,0,0
5189,0,0,0,0,0,2.49E-05,0,0.008400634,0,0,0,0
5190,0,0,0,0,0,0,0,0.01180245,0,0,0,0
5191,0,0,0,0,0,0,0,0.015931641,0,0,0,0
5192,0,0,0,0,0,0,0,0.020662225,0,0,0,0
5193,0,0,0,0,0,0,0,0.025746718,0,0,0,0
5194,0,0,0,0,0,0,0,0.030824418,0,0,0,0
5195,0,0,0,0,0,0,0,0.03545652,0,0,0,0
5196,0,0,0,0,0,0,0,0.039185515,0,0,0,0
5197,0,0,0,0,0,0,0,0.041608612,0,0,0,0
5198,0,0,0,0,0,0,0,0.042449161,0,0,0,0
5199,0,0,0,0,0,0,0,0.041608612,0,0,0,0
5200,0,0,0,0,0,0,0,0.039185515,0,0,0,0
5201,0,0,0,0,0,0,0,0.03545652,0,0,0,0
5202,0,0,0,0,0,0,0,0.030824418,0,0,0,0
5203,0,0,0,0,0,0,0,0.025746718,0,0,0,0
5204,0,0,0,0,0,0,0,0.020662225,0,0,0,0
5205,0,0,0,0,0,0,0,0.015931641,0,0,0,0
5206,0,0,0,0,0,0,0,0.01180245,0,0,0,0
5207,0,0,0,0,0,0,0,0.008400634,0,0,0,0
5208,0,0,0,0,0,0,0,0.005744869,0,0,0,0
5209,0,0,0,0,0,0,0,0.003774648,0,0,0,0
5210,0,0,0,0,0,0,0,0.002382874,0,0,0,0
5211,0,0,0,0,0,0,0,0.001445286,0,0,0,0
5212,0,0,0,0,0,0,0,0.000842238,0,0,0,0
5213,0,0,0,0,0,0,0,0.000471568,0,0,0,0
5214,0,0,0,0,0,0,0,0.000253677,0,0,0,0
5215,0,0,0,0,0,0,0,0.000147575,0,0,0,0
5216,0,0,0,0,0,0,0,0.00010102,0,0,0,0
5217,0,0,0,0,0,0,0,0.000106331,0,0,0,0
5218,0,0,0,0,0,0,0,0.000165809,0,0,0,0
5219,0,0,0,0,0,0,0,0.000293255,0,0,0,0
5220,0,0,0,0,0,0,0,0.000545139,0,0,0,0
5221,0,0,0,0,0,0,0,0.00097364,0,0,0,0
5222,0,0,0,0,0,0,0,0.001670772,0,0,0,0
5223,0,0,0,0,0,0,0,0.002754638,0,0,0,0
5224,0,0,0,0,0,0,0,0.00436355,0,0,0,0
5225,0,0,0,0,0,0,0,0.006641155,0,0,0,0
5226,0,0,0,0,0,0,0,0.009711259,0,0,0,0
5227,0,0,0,0,0,0,0,0.01364381,0,0,0,0
5228,0,0,0,0,0,0,0,0.018417217,0,0,0,0
5229,0,0,0,0,0,0,0,0.023885843,0,0,0,0
5230,0,0,0,0,0,0,0,0.029763593,0,0,0,0
5231,0,0,0,0,0,0,0,0.03563349,0,0,0,0
5232,0,0,0,0,0,0,0,0.04098827,0,0,0,0
5233,0,0,0,0,0,0,0,0.045299044,0,0,0,0
5234,0,0,0,0,0,0,0,0.048100181,0,0,0,0
5235,0,0,0,0,0,0,0,0.049071869,0,0,0,0
5236,0,0,0,0,0,0,0,0.048100181,0,0,0,0
5237,0,0,0,0,0,0,0,0.045299044,0,0,0,0
5238,0,0,0,0,0,0,0,0.04098827,0,0,0,0
5239,0,0,0,0,0,0,0,0.03563349,0,0,0,0
5240,0,0,0,0,0,0,0,0.029763593,0,0,0,0
5241,0,0,0,0,0,0,0,0.023885843,0,0,0,0
5242,0,0,0,0,0,0,0,0.018417217,0,0,0,0
5243,0,0,0,0,0,0,0,0.01364381,0,0,0,0
5244,0,0,0,0,0,0,0,0.009711259,0,0,0,0
5245,0,0,0,0,0,0,0,0.006641155,2.01E-06,0,0,0
5246,0,0,0,0,0,0,0,0.00436355,4.38E-06,0,0,0
5247,0,0,0,0,0,0,0,0.002754638,9.18E-06,0,0,0
5248,0,0,0,0,0,0,0,0.001670772,1.85E-05,0,0,0
5249,0,0,0,0,0,0,0,0.00097364,3.58E-05,0,0,0
5250,0,0,0,0,0,0,0,0.000545139,6.65E-05,0,0,0
5251,0,0,0,0,0,0,0,0.000293255,0.000118737,0,0,0
5252,0,0,0,0,0,0,0,0.000151569,0.000203753,0,0,0
5253,0,0,0,0,0,0,0,7.53E-05,0.000335931,0,0,0
5254,0,0,0,0,0,0,0,3.59E-05,0.00053214,0,0,0
5255,0,0,0,0,0,0,0,1.65E-05,0.000809897,0,0,0
5256,0,0,0,0,0,0,0,2.30E-05,0.0011843,0,0,0
5257,0,0,0,0,0,0,0,5.03E-05,0.001663879,0,0,0
5258,0,0,0,0,0,0,0,0.000105374,0.002246002,0,0,0
5259,0,0,0,0,0,0,0,0.000212197,0.002912908,0,0,0
5260,0,0,0,0,0,0,0,0.000410556,0.003629706,0,0,0
5261,0,0,0,0,0,0,0,0.000763195,0.004345548,0,0,0
5262,0,0,0,0,0,0,0,0.001363095,0.00499857,0,0,0
5263,0,0,0,0,0,0,0,0.002339081,0.005524274,0,0,0
5264,0,0,0,0,0,0,5.89E-07,0.003856493,0.005865876,0,0,0
5265,0,0,0,0,0,0,1.28E-06,0.00610897,0.005984374,0,0,0
5266,0,0,0,0,0,0,2.69E-06,0.009297617,0.005865876,0,0,0
5267,0,0,0,0,0,0,5.42E-06,0.013595763,0.005524274,0,0,0
5268,0,0,0,0,0,0,1.05E-05,0.019101334,0.00499857,0,0,0
5269,0,0,0,0,0,0,1.95E-05,0.025784104,0.004345548,0,0,0
5270,0,0,0,0,0,0,3.48E-05,0.03344018,0.003629706,0,0,0
5271,0,0,0,0,0,0,5.98E-05,0.04166903,0.002912908,0,0,0
5272,0,0,0,0,0,0,9.85E-05,0.049886887,0.002246002,0,0,0
5273,0,0,0,0,0,0,0.000156094,0.057383579,0.001663879,0,0,0
5274,0,0,0,0,0,0,0.00023757,0.063418662,0.0011843,0,0,0
5275,0,0,0,0,0,0,0.000347395,0.067340253,0.000809897,0,0,0
5276,0,0,0,0,0,0,0.000488071,0.068700617,0.00053214,0,0,0
5277,0,0,0,0,0,0,0.000658827,0.067340253,0.000335931,0,0,0
5278,0,0,0,0,0,0,0.000854453,0.063418662,0.000203753,0,0,0
5279,0,0,0,0,0,0,0.001064714,0.057383579,0.000118737,0,0,0
5280,0,0,0,0,0,0,0.001274694,0.049886887,6.65E-05,0,0,0
5281,0,0,0,0,0,0,0.001466247,0.04166903,3.58E-05,0,0,0
5282,0,0,0,0,0,0,0.001620454,0.03344018,1.85E-05,0,0,0
5283,0,0,0,0,0,0,0.001720657,0.025784104,9.18E-06,0,0,0
5284,0,0,0,0,0,0,0.001755416,0.019101334,4.38E-06,0,0,0
5285,0,0,0,0,0,0,0.001720657,0.013595763,2.01E-06,0,0,0
5286,0,0,0,0,0,0,0.001620454,0.009297617,0,0,0,0
5287,0,0,0,0,0,0,0.001466247,0.00610897,0,0,0,0
5288,0,0,0,0,0,0,0.001274694,0.003856493,0,0,0,0
5289,0,0,0,0,0,0,0.001064714,0.002339081,0,0,0,0
5290,0,0,0,0,0,0,0.000854453,0.001363095,0,0,0,0
5291,0,0,0,0,0,0,0.000658827,0.000763195,0,0,0,0
5292,0,0,0,0,0,0,0.000488071,0.000410556,0,0,0,0
5293,0,0,0,0,0,0,0.000347395,0.000212197,0,0,0,0
5294,0,0,0,0,0,0,0.00023757,0.000105374,0,0,0,0
5295,0,0,0,0,0,0,0.000156094,5.03E-05,0,0,0,0
5296,0,0,0,0,0,0,9.85E-05,2.30E-05,0,0,0,0
5297,0,0,0,0,0,0,5.98E-05,2.68E-05,2.38E-06,0,0,0
5298,0,0,0,0,0,0,3.48E-05,5.84E-05,5.20E-06,0,0,0
5299,0,0,0,0,0,0,1.95E-05,0.000122385,1.09E-05,0,0,0
5300,0,0,0,0,0,0,1.05E-05,0.000246454,2.19E-05,0,0,0
5301,0,0,0,0,0,0,5.42E-06,0.000476837,4.24E-05,0,0,0
5302,0,0,0,0,0,0,2.69E-06,0.000886405,7.89E-05,0,0,0
5303,0,0,0,0,0,0,1.28E-06,0.001583154,0.000140901,0,0,0
5304,0,0,0,0,0,0,5.89E-07,0.002716703,0.000241787,0,0,0
5305,0,0,0,0,0,0,0,0.004479086,0.000398639,0,0,0
5306,0,0,0,0,0,0,0,0.007096381,0.000631473,0,0,0
5307,0,0,0,0,0,0,0,0.010801196,0.000961078,0,0,0
5308,0,0,0,0,0,0,0,0.01579605,0.001405369,0,0,0
5309,0,0,0,0,0,0,0,0.022195901,0.00197447,0,0,0
5310,0,0,0,0,0,0,0,0.029967675,0.002665256,0,0,0
5311,0,0,0,0,0,0,0,0.038877771,0.00345665,0,0,0
5312,0,0,0,0,0,0,0,0.048465745,0.004307252,0,0,0
5313,0,0,0,0,0,0,0,0.05806017,0.005156716,0,0,0
5314,0,0,0,0,0,0,0,0.066844674,0.005931636,0,0,0
5315,0,0,0,0,0,0,0,0.073969172,0.006555471,0,0,0
5316,0,0,0,0,0,0,0,0.078686816,0.006960839,0,0,0
5317,0,0,0,0,0,0,0,0.080486446,0.007101457,0,0,0
5318,0,0,0,0,0,0,0,0.079187819,0.00696108,0,0,0
5319,0,0,0,0,0,0,0,0.074974637,0.006555997,0,0,0
5320,0,0,0,0,0,0,0,0.0683565,0.005932737,0,0,0
5321,0,0,0,0,0,0,0,0.060070063,0.005158935,0,0,0
5322,0,0,0,0,0,0,0,0.050945474,0.004311543,0,0,0
5323,0,0,0,0,0,0,0,0.041771263,0.003464628,0,0,0
5324,0,0,0,0,0,0,0,0.033187602,0.002679504,0,0,0
5325,0,0,0,0,0,0,0,0.025626371,0.00199892,0,0,0
5326,0,0,0,0,0,0,0,0.019301498,0.001445681,0,0,0
5327,0,0,0,0,0,0,0,0.01423994,0.001024935,0,0,0
5328,0,0,0,0,0,0,0,0.01033611,0.000728661,0,0,0
5329,0,0,0,0,0,0,0,0.00741158,0.000540755,0,0,0
5330,0,0,0,0,0,0,0,0.005266091,0.000441452,0,0,0
5331,0,0,0,0,0,0,0,0.003712582,0.000410421,0,0,0
5332,0,0,0,0,0,0,0,0.002595311,0.000428439,0,0,0
5333,0,0,0,0,0,0,0,0.001794491,0.000478003,0,0,0
5334,0,0,0,0,0,0,0,0.001222596,0.0005434,0,0,0
5335,0,0,0,0,0,0,0,0.000817175,0.000610721,0,0,0
5336,0,0,0,0,0,0,0,0.000533531,0.00066811,0,0,0
5337,0,0,0,0,0,0,0,0.000338956,0.000706287,0,0,0
5338,0,0,0,0,0,0,0,0.00019708,0.000718125,0,0,0
5339,0,0,0,0,0,0,0,0.000119535,0.000703905,0,0,0
5340,0,0,0,0,0,0,0,6.97E-05,0.000662913,0,0,0
5341,0,0,0,0,0,0,0,3.90E-05,0.000599828,0,0,0
5342,0,0,0,0,0,0,0,2.10E-05,0.000521466,0,0,0
5343,0,0,0,0,0,0,0,1.08E-05,0.000439366,0,0,0
5344,0,0,0,0,0,0,0,5.38E-06,0.000357841,0,0,0
5345,0,0,0,0,0,0,0,2.57E-06,0.000286899,0,0,0
5346,0,0,0,0,0,0,0,1.18E-06,0.000234662,0,0,0
5347,0,0,0,0,0,0,0,0,0.000209827,0,0,0
5348,0,0,0,0,0,0,0,0,0.000223057,0,0,0
5349,0,0,0,0,0,0,0,0,0.000288665,2.94E-05,0,0
5350,0,0,0,0,0,0,0,0,0.000426084,6.41E-05,0,0
5351,0,0,0,0,0,0,0,0,0.00066048,0.000134279,0,0
5352,0,0,0,0,0,0,0,0,0.001021767,0.000270404,0,0
5353,0,0,0,0,0,0,0,0,0.001541383,0.000523176,0,0
5354,0,0,0,0,0,0,0,0,0.002246566,0.000972546,0,0
5355,0,0,0,0,0,0,0,0,0.003152496,0.001737005,0,0
5356,0,0,0,0,0,0,0,0,0.004253532,0.002980713,0,0
5357,0,0,0,0,0,0,0,0,0.005515631,0.004914364,0,0
5358,0,0,0,0,0,0,0,0,0.006872485,0.007784717,0,0
5359,0,0,0,0,0,0,0,0,0.00822757,0.01184804,0,0
5360,0,0,0,0,0,0,0,0,0.009463958,0.017325206,0,0
5361,0,0,0,0,0,0,0,0,0.010459292,0.024341006,0,0
5362,0,0,0,0,0,0,0,0,0.011106058,0.032856922,0,0
5363,0,0,0,0,0,0,0,0,0.011330415,0.04261313,0,0
5364,0,0,0,0,0,0,0,0,0.011106058,0.05309923,0,0
5365,0,0,0,0,0,0,0,0,0.010459292,0.06357132,0,0
5366,0,0,0,0,0,0,0,0,0.009463958,0.073124424,0,0
5367,0,0,0,0,0,0,0,0,0.00822757,0.080814987,0,0
5368,0,0,0,0,0,0,0,0,0.006872244,0.085812306,0,0
5369,0,0,0,0,0,0,0,0,0.005515105,0.08754583,0,0
5370,0,0,0,0,0,0,0,0,0.004252431,0.085812306,0,0
5371,0,0,0,0,0,0,0,0,0.003150278,0.080814987,0,0
5372,0,0,0,0,0,0,0,0,0.002242274,0.073124424,0,0
5373,0,0,0,0,0,0,0,0,0.001533405,0.06357132,0,0
5374,0,0,0,0,0,0,0,0,0.001007519,0.05309923,0,0
5375,0,0,0,0,0,0,0,0,0.00063603,0.04261313,0,0
5376,0,0,0,0,0,0,0,0,0.000385772,0.032865023,0,0
5377,0,0,0,0,0,0,0,0,0.000224808,0.02435868,0,0
5378,0,0,0,0,0,0,0,0,0.00012587,0.017362248,0,0
5379,0,0,0,0,0,0,0,0,6.77E-05,0.011922634,0,0
5380,0,0,0,0,0,0,0,0,3.50E-05,0.007929041,0,0
5381,0,0,0,0,0,0,0,0,1.74E-05,0.005182653,0,0
5382,0,0,0,0,0,0,0,0,8.29E-06,0.003459887,0,0
5383,0,0,0,0,0,0,0,0,3.80E-06,0.002559271,0,0
5384,0,0,0,0,0,0,0,0,0,0.002328233,0,0
5385,0,0,0,0,0,0,0,0,0,0.002670684,0,0
5386,0,0,0,0,0,0,0,0,0,0.003538829,0,0
5387,0,0,0,0,0,0,0,0,0,0.004913646,0,0
5388,0,0,0,0,0,0,0,0,0,0.006778827,0,0
5389,0,0,0,0,0,0,0,0,0,0.009093347,0,0
5390,0,0,0,0,0,0,0,0,0,0.011755347,0,0
5391,0,0,0,0,0,0,0,0,0,0.014648064,0,0
5392,0,0,0,0,0,0,0,0,0,0.017536916,0,0
5393,0,0,0,0,0,0,0,0,0,0.020172255,0,0
5394,0,0,0,0,0,0,0,0,3.21E-07,0.02229379,0,0
5395,0,0,0,0,0,0,0,0,7.01E-07,0.023672361,0,0
5396,0,0,0,0,0,0,0,0,1.47E-06,0.024150574,0,0
5397,0,0,0,0,0,0,0,0,2.96E-06,0.023672361,0,0
5398,0,0,0,0,0,0,0,0,5.72E-06,0.02229379,0,0
5399,0,0,0,0,0,0,0,0,1.06E-05,0.020172255,0,0
5400,0,0,0,0,0,0,0,0,1.90E-05,0.017536916,0,0
5401,0,0,0,0,0,0,0,0,3.26E-05,0.014648064,0,0
5402,0,0,0,0,0,0,0,0,5.37E-05,0.011755347,0,0
5403,0,0,0,0,0,0,0,0,8.51E-05,0.009063979,0,0
5404,0,0,0,0,0,0,0,0,0.000129584,0.00671476,0,0
5405,0,0,0,0,0,0,0,9.37E-07,0.000189488,0.004779367,0,0
5406,0,0,0,0,0,0,0,2.04E-06,0.000266221,0.003268425,0,0
5407,0,0,0,0,0,0,0,4.28E-06,0.00035936,0.002147508,0,0
5408,0,0,0,0,0,0,0,8.63E-06,0.000466065,0.001384042,0,0
5409,0,0,0,0,0,0,0,1.67E-05,0.000580753,0.000884123,0,0
5410,0,0,0,0,0,0,0,3.10E-05,0.000695288,0.000608822,0,0
5411,0,0,0,0,0,0,0,5.54E-05,0.000799771,0.000529369,0,0
5412,0,0,0,0,0,0,0,9.51E-05,0.000883884,0.00064946,0,0
5413,0,0,0,0,0,0,0,0.000156768,0.00093854,0.001013604,0,0
5414,0,0,0,0,0,0,0,0.000248332,0.0009575,0.001714151,0,0
5415,0,0,0,0,0,0,0,0.000377952,0.00093854,0.002895603,0,0
5416,0,0,0,0,0,0,0,0.000552673,0.000883884,0.004753005,0,0
5417,0,0,0,0,0,0,0,0.000776477,0.000799771,0.007516278,0,0
5418,0,0,0,0,0,0,0,0.001048134,0.000695288,0.011439487,0,0
5419,0,0,0,0,0,0,0,0.001359357,0.000580753,0.016727785,0,0
5420,0,0,0,0,0,0,0,0.001693863,0.000466065,0.023501661,0,0
5421,0,0,0,0,0,0,0,0.002027922,0.00035936,0.031723924,0,0
5422,0,0,0,0,0,0,0,0.002332666,0.000266221,0.041143712,0,0
5423,0,0,0,0,0,0,0,0.002577994,0.000189488,0.051268222,0,0
5424,0,0,0,0,0,0,0,0.002737409,0.000129584,0.061379205,0,0
5425,0,0,0,0,0,0,0,0.002792708,8.51E-05,0.070602892,0,0
5426,0,0,0,0,0,0,0,0.002737409,5.37E-05,0.078028262,0,0
5427,0,0,0,0,0,0,0,0.002577994,3.26E-05,0.082853261,0,0
5428,0,0,0,0,0,0,0,0.002332666,1.90E-05,0.084527008,0,0
5429,0,0,0,0,0,0,0,0.002027922,1.06E-05,0.082853261,0,0
5430,0,0,0,0,0,0,0,0.001693863,5.72E-06,0.078028262,0,0
5431,0,0,0,0,0,0,0,0.001359357,2.96E-06,0.070602892,0,0
5432,0,0,0,0,0,0,0,0.001048134,1.47E-06,0.061379205,0,0
5433,0,0,0,0,0,0,0,0.000776477,7.01E-07,0.051268222,0,0
5434,0,0,0,0,0,0,0,0.000552673,3.21E-07,0.041143712,0,0
5435,0,0,0,0,0,0,0,0.000377952,0,0.031723924,0,0
5436,0,0,0,0,0,0,0,0.000248332,0,0.023501661,0,0
5437,0,0,0,0,0,0,0,0.000156768,0,0.016727785,0,0
5438,0,0,0,0,0,0,0,9.51E-05,0,0.011439487,0,0
5439,0,0,0,0,0,0,0,5.54E-05,0,0.007516278,0,0
5440,0,0,0,0,0,0,0,3.10E-05,0,0.004744904,0,0
5441,0,0,0,0,0,0,0,1.67E-05,0,0.002877929,0,0
5442,0,0,0,0,0,0,0,8.63E-06,0,0.001677108,0,0
5443,0,0,0,0,0,0,0,4.28E-06,0,0.00093901,0,0
5444,0,0,0,0,0,0,0,2.04E-06,0,0.000505135,0,0
5445,0,0,0,0,0,0,0,9.37E-07,0,0.00026108,0,0
5446,0,0,0,0,0,0,0,0,0,0.000129648,0,0
5447,0,0,0,0,0,0,0,0,0,6.19E-05,0,0
5448,0,0,0,0,0,0,0,0,0,2.84E-05,0,0
5449,0,0,0,0,0,0,0,0,0,0,0,0
5450,0,0,0,0,0,0,0,0,0,0,0,0
5451,0,0,0,0,0,0,0,0,0,0,0,0
5452,0,0,0,0,0,0,0,0,0,0,0,0
5453,0,0,0,0,0,0,0,0,0,0,0,0
5454,0,0,0,0,0,0,0,0,0,0,0,0
5455,0,0,0,0,0,0,0,0,0,0,0,0
5456,0,0,0,0,0,0,0,0,0,0,0,0
5457,0,0,0,0,0,0,0,0,0,0,0,0
5458,0,0,0,0,0,0,0,0,0,0,0,0
5459,0,0,0,0,0,0,0,0,0,0,0,0
5460,0,0,0,0,0,0,0,0,0,0,0,0
5461,0,0,0,0,0,0,0,0,0,0,0,0
5462,0,0,0,0,0,0,0,0,0,0,0,0
5463,0,0,0,0,0,0,0,0,0,0,0,0
5464,0,0,0,0,0,0,0,0,0,0,0,0
5465,0,0,0,0,0,0,0,0,0,0,0,0
5466,0,0,0,0,0,0,0,0,0,0,0,0
5467,0,0,0,0,0,0,0,0,0,0,0,0
5468,0,0,0,0,0,0,0,0,0,0,0,0
5469,0,0,0,0,0,0,0,0,0,0,0,0
5470,0,0,0,0,0,0,0,0,0,0,0,0
5471,0,0,0,0,0,0,0,0,0,0,0,0
5472,0,0,0,0,0,0,0,0,0,0,0,0
5473,0,0,0,0,0,0,0,0,0,0,0,0
5474,0,0,0,0,0,0,0,0,0,0,0,0
5475,0,0,0,0,0,0,0,0,0,0,0,0
5476,0,0,0,0,0,0,0,0,0,0,0,0
5477,0,0,0,0,0,0,0,0,0,0,0,0
5478,0,0,0,0,0,0,0,0,0,0,0,0
5479,0,0,0,0,0,0,0,0,0,0,0,0
5480,0,0,0,0,0,0,0,0,0,0,0,0
5481,0,0,0,0,0,0,0,0,0,0,0,0
5482,0,0,0,0,0,0,0,0,0,0,0,0
5483,0,0,0,0,0,0,0,0,0,0,0,0
5484,0,0,0,0,0,0,0,0,0,0,0,0
5485,0,0,0,0,0,0,0,0,0,0,0,0
5486,0,0,0,0,0,0,0,0,0,0,0,0
5487,0,0,0,0,0,0,0,0,0,0,0,0
5488,0,0,0,0,0,0,0,0,0,0,0,0
5489,0,0,0,0,0,0,0,0,0,0,0,0
5490,0,0,0,0,0,0,0,0,0,0,0,0
5491,0,0,0,0,0,0,0,0,0,0,0,0
5492,0,0,0,0,0,0,0,0,0,0,0,0
5493,0,0,0,0,0,0,0,0,0,0,0,0
5494,0,0,0,0,0,0,0,0,0,0,0,0
5495,0,0,0,0,0,0,0,0,0,0,0,0
5496,0,0,0,0,0,0,0,0,0,0,0,0
5497,0,0,0,0,0,0,0,0,0,0,0,0
5498,0,0,0,0,0,0,0,0,0,0,0,0
5499,0,0,0,0,0,0,0,0,0,0,0,0
5500,0,0,0,0,0,0,0,0,0,0,0,0
5501,0,0,0,0,0,0,0,0,0,0,0,0
5502,0,0,0,0,0,0,0,0,0,0,0,0
5503,0,0,0,0,0,0,0,0,0,0,0,0
5504,0,0,0,0,0,0,0,0,0,0,0,0
5505,0,0,0,0,0,0,0,0,0,0,0,0
5506,0,0,0,0,0,0,0,0,0,0,0,0
5507,0,0,0,0,0,0,0,0,0,0,0,0
5508,0,0,0,0,0,0,0,0,0,0,0,0
5509,0,0,0,0,0,0,0,0,0,0,0,0
5510,0,0,0,0,0,0,0,0,0,0,0,0
5511,0,0,0,0,0,0,0,0,0,0,0,0
5512,0,0,0,0,0,0,0,0,0,0,0,0
5513,0,0,0,0,0,0,0,0,0,0,0,0
5514,0,0,0,0,0,0,0,0,0,0,0,0
5515,0,0,0,0,0,0,0,0,0,0,0,0
5516,0,0,0,0,0,0,0,0,0,0,0,0
5517,0,0,0,0,0,0,0,0,0,0,0,0
5518,0,0,0,0,0,0,0,0,0,0,0,0
5519,0,0,0,0,0,0,0,0,0,0,0,0
5520,0,0,0,0,0,0,0,0,0,0,0,0
5521,0,0,0,0,0,0,0,0,0,0,0,0
5522,0,0,0,0,0,0,0,0,0,0,0,0
5523,0,0,0,0,0,0,0,0,0,0,0,0
5524,0,0,0,0,0,0,0,0,0,0,0,0
5525,0,0,0,0,0,0,0,0,0,0,0,0
5526,0,0,0,0,0,0,0,0,0,0,0,0
5527,0,0,0,0,0,0,0,0,0,0,0,0
5528,0,0,0,0,0,0,0,0,0,0,0,0
5529,0,0,0,0,0,0,0,0,0,0,0,0
5530,0,0,0,0,0,0,0,0,0,0,0,0
5531,0,0,0,0,0,0,0,0,0,0,0,0
5532,0,0,0,0,0,0,0,0,0,0,0,0
5533,0,0,0,0,0,0,0,0,0,0,0,0
5534,0,0,0,0,0,0,0,0,0,0,0,0
5535,0,0,0,0,0,0,0,0,0,0,0,0
5536,0,0,0,0,0,0,0,0,0,0,0,0
5537,0,0,0,0,0,0,0,0,0,0,0,0
5538,0,0,0,0,0,0,0,0,0,0,0,0
5539,0,0,0,0,0,0,0,0,0,0,0,0
5540,0,0,0,0,0,0,0,0,0,0,0,0
5541,0,0,0,0,0,0,0,0,0,0,0,0
5542,0,0,0,0,0,0,0,0,0,0,0,0
5543,0,0,0,0,0,0,0,0,0,0,0,0
5544,0,0,0,0,0,0,0,0,0,0,0,0
5545,0,0,0,0,0,0,0,0,0,0,0,0
5546,0,0,0,0,0,0,0,0,0,0,0,0
5547,0,0,0,0,0,0,0,0,0,0,0,0
5548,0,0,0,0,0,0,0,0,0,0,0,0
5549,0,0,0,0,0,0,0,0,0,0,0,0
5550,0,0,0,0,0,0,0,0,0,0,0,0
5551,0,0,0,0,0,0,0,0,0,0,0,0
5552,0,0,0,0,0,0,0,0,0,0,0,0
5553,0,0,0,0,0,0,0,0,0,0,0,0
5554,0,0,0,0,0,0,0,0,0,0,0,0
5555,0,0,0,0,0,0,0,0,0,0,0,0
5556,0,0,0,0,0,0,0,0,0,0,0,0
5557,0,0,0,0,0,0,0,0,0,0,0,0
5558,0,0,0,0,0,0,0,0,0,0,0,0
5559,0,0,0,0,0,0,0,0,0,0,0,0
5560,0,0,0,0,0,0,0,0,0,0,0,0
5561,0,0,0,0,0,0,0,0,0,0,0,0
5562,0,0,0,0,0,0,0,0,0,0,0,0
5563,0,0,0,0,0,0,0,0,0,0,0,0
5564,0,0,0,0,0,0,0,0,0,0,0,0
5565,0,0,0,0,0,0,0,0,0,0,0,0
5566,0,0,0,0,0,0,0,0,0,0,0,0
5567,0,0,0,0,0,0,0,0,0,0,0,0
5568,0,0,0,0,0,0,0,0,0,0,0,0
5569,0,0,0,0,0,0,0,0,0,0,0,0
5570,0,0,0,0,0,0,0,0,0,0,0,0
5571,0,0,0,0,0,0,0,0,0,0,0,0
5572,0,0,0,0,0,0,0,0,0,0,0,0
5573,0,0,0,0,0,0,0,0,0,0,0,0
5574,0,0,0,0,0,0,0,0,0,0,0,0
5575,0,0,0,0,0,0,0,0,0,0,0,0
5576,0,0,0,0,0,0,0,0,0,0,0,0
5577,0,0,0,0,0,0,0,0,0,0,0,0
5578,0,0,0,0,0,0,0,0,0,0,0,0
5579,0,0,0,0,0,0,0,0,0,0,0,0
5580,0,0,0,0,0,0,0,0,0,0,0,0
5581,0,0,0,0,0,0,0,0,0,0,0,0
5582,0,0,0,0,0,0,0,0,0,0,0,0
5583,0,0,0,0,0,0,0,0,0,0,0,0
5584,0,0,0,0,0,0,0,0,0,0,0,0
5585,0,0,0,0,0,0,0,0,0,0,0,0
5586,0,0,0,0,0,0,0,0,0,0,0,0
5587,0,0,0,0,0,0,0,0,0,0,0,0
5588,0,0,0,0,0,0,0,0,0,0,0,0
5589,0,0,0,0,0,0,0,0,0,0,0,0
5590,0,0,0,0,0,0,0,0,0,0,0,0
5591,0,0,0,0,0,0,0,0,0,0,0,0
5592,0,0,0,0,0,0,0,0,0,0,0,0
5593,0,0,0,0,0,0,0,0,0,0,0,0
5594,0,0,0,0,0,0,0,0,0,0,0,0
5595,0,0,0,0,0,0,0,0,0,0,0,0
5596,0,0,0,0,0,0,0,0,0,0,0,0
5597,0,0,0,0,0,0,0,0,0,0,0,0
5598,0,0,0,0,0,0,0,0,0,0,0,0
5599,0,0,0,0,0,0,0,0,0,0,0,0
5600,0,0,0,0,0,0,0,0,0,0,0,0
5601,0,0,0,0,0,0,0,0,0,0,0,0
5602,0,0,0,0,0,0,0,0,0,0,0,0
5603,0,0,0,0,0,0,0,0,0,0,0,0
5604,0,0,0,0,0,0,0,0,0,0,0,0
5605,0,0,0,0,0,0,0,0,0,0,0,0
5606,0,0,0,0,0,0,0,0,0,0,0,0
5607,0,0,0,0,0,0,0,0,0,0,0,0
5608,0,0,0,0,0,0,0,0,0,0,0,0
5609,0,0,0,0,0,0,0,0,0,0,0,0
5610,0,0,0,0,0,0,0,0,0,0,0,0
5611,0,0,0,0,0,0,0,0,0,0,0,0
5612,0,0,0,0,0,0,0,0,0,0,0,0
5613,0,0,0,0,0,0,0,0,0,0,0,0
5614,0,0,0,0,0,0,0,0,0,0,0,0
5615,0,0,0,0,0,0,0,0,0,0,0,0
5616,0,0,0,0,0,0,0,0,0,0,0,0
5617,0,0,0,0,0,0,0,0,0,0,0,0
5618,0,0,0,0,0,0,0,0,0,0,0,0
5619,0,0,0,0,0,0,0,0,0,0,0,0
5620,0,0,0,0,0,0,0,0,0,0,0,0
5621,0,0,0,0,0,0,0,0,0,0,0,0
5622,0,0,0,0,0,0,0,0,0,0,0,0
5623,0,0,0,0,0,0,0,0,0,0,0,0
5624,0,0,0,0,0,0,0,0,0,0,0,0
5625,0,0,0,0,0,0,0,0,0,0,0,0
